"ATP, WTA",29
"Grand Slams, Novak Djokovic",9
"Novak Djokovic, Rafael Nadal",9
"Rafael Nadal, Roger Federer",8
"Bob, Mike",6
"Bob, Mike Bryan",6
"ATP, ITF",5
"Novak Djokovic, Roger Federer",5
"Djokovic, Rafael Nadal",4
"Djokovic, Stefanos Tsitsipas",4
"Djokovic, Novak Djokovic",4
"Bob Bryan, Mike",4
"ITF, WTA",4
"Novak Djokovic, Stefanos Tsitsipas",4
"Malek Jaziri, Tunisia",4
"Clijsters-Davenport, Kim Clijsters",3
"Moviestar, RafNadal Academy",3
"Steve Simon, WTA",3
"Federer, Nadal",3
"ATP, Rafael Nadal",3
"ITF, USTA",3
"FIT, WTA",3
"Grigor Dimitrov, Wawrinka",3
"Djokovic, Grand Slams",3
"Coco Gauff, SofiKenin",3
"Djokovic, Nadal",3
"Dimitrov, Rafael Nadal",3
"Hingis, SerenWilliams",3
"Ivan Lendl, John McEnroe",3
"Nadal, SerenWilliams",3
"Lyon, SofiKenin",3
"ATP, FIT",3
"Kim Clijsters, WTA",3
"ATP, Novak Djokovic",3
"Andy Murray, Novak Djokovic",3
"John Isner, Taylor Fritz",3
"ATP, USTA",3
"FIT, Italian Tennis Federation",3
"ArynSabalenka, Kvitova",3
"JohannKonta, Kim Clijsters",3
"Novak Djokovic, SerenWilliams",3
"Fernandez, Watson",3
"ATP, Monte Carlo",3
"Tennis Australia, USTA",3
"Ryan Harrison, Taylor Townsend",3
"ATP, AndreGaudenzi",3
"Rio Olympics, Vegas Rollers",2
"Ash Barty, Brady",2
"Nicolas Kicker, Tennis Integrity Unit",2
"PhiladelphiFreedoms, Vegas Rollers",2
"Nike, Roger Federer",2
"MonicPuig, Orlando Storm",2
"ATP, Grand Slams",2
"Lleyton Hewitt, Murray",2
"Madison Keys, Ryan Harrison",2
"Coco Vandeweghe, Taylor Townsend",2
"Azarenka, Serena",2
"MonicPuig, Vegas Rollers",2
"Roger Federer, USTA",2
"Madison Keys, Rio Olympics",2
"KarolinPliskova, WTA",2
"Ryan Harrison, Vegas Rollers",2
"MariSharapova, Wimbledon",2
"Bob, Micaela",2
"Moviestar, Rafael Nadal",2
"Centre Court, Wimbledon",2
"Mardy Fish, Vegas Rollers",2
"Mardy Fish, PhiladelphiFreedoms",2
"Maria, Nicu",2
"All England Club, Wimbledon",2
"PhiladelphiFreedoms, Rio Olympics",2
"Edmund, Taylor Fritz",2
"Kwon, Rafael Nadal",2
"Coco Vandeweghe, Vegas Rollers",2
"Coco Vandeweghe, PhiladelphiFreedoms",2
"Orlando Storm, Taylor Townsend",2
"Coco Vandeweghe, Mardy Fish",2
"ATP, Tennis Australia",2
"Grigor Dimitrov, Sharapova",2
"Andy Murray, Felix Auger-Aliassime",2
"Alison Van Uytvanck, SofiKenin",2
"ATP, Vijay Amritraj",2
"WTA, Wimbledon",2
"Felix Auger-Aliassime, Novak Djokovic",2
"Garbine Muguruza, Kim Clijsters",2
"ElinSvitolina, WTA",2
"AELTC, ITF",2
"PhiladelphiFreedoms, Taylor Townsend",2
"AnastasiPavlyuchenkova, JohannKonta",2
"Nadal, Taylor Fritz",2
"ElinSvitolina, Garbine Muguruza",2
"Madison Keys, Mardy Fish",2
"Anna-LenFriedsam, SofiKenin",2
"Ruud, Thiago Seyboth Wild",2
"Grand Slam, MariSharapova",2
"Madison Keys, MonicPuig",2
"Rio Olympics, Ryan Harrison",2
"COURT, Denis Shapovalov",2
"Novak Djokovic, Sam Querrey",2
"RafNadal Academy, Rafael Nadal",2
"Andreescu, BiancAndreescu",2
"ATP, BNP Paribas Open",2
"USTA, WTA",2
"Rio Olympics, Taylor Townsend",2
"Famer John McEnroe, John McEnroe",2
"Coco Vandeweghe, Ryan Harrison",2
"Angelique Kerber, Garbine Muguruza",2
"BiancAndreescu, Sylvain Bruneau",2
"Fernando Gonzalez, Ivo Karlovic",2
"Mardy Fish, Ryan Harrison",2
"ATP, Italian Tennis Federation",2
"MonicPuig, PhiladelphiFreedoms",2
"ArantxRus, ElinSvitolina",2
"Caroline Wozniacki, MariSharapova",2
"Mardy Fish, Rio Olympics",2
"Bernard Tomic, YaroslavShvedova",2
"Orlando Storm, Vegas Rollers",2
"Coco Vandeweghe, MonicPuig",2
"Djokovic, Sampras",2
"Arthur Ashe, Dick Stockton",2
"AELTC, USTA",2
"Barcelona, Monte Carlo",2
"Mardy Fish, Orlando Storm",2
"Alison van Uytvanck, SofiKenin",2
"Fritz, Rafael Nadal",2
"Mardy Fish, Taylor Townsend",2
"Andy Roddick, Fernando Gonzalez",2
"JohannKonta, Marie Bouzkova",2
"ATP, Andy Murray",2
"ATP, Wimbledon",2
"Mike Bryan, Ryan Harrison",2
"Orlando Storm, Rio Olympics",2
"Dick Stockton, WCT",2
"Madison Keys, PhiladelphiFreedoms",2
"GabrielDabrowski, JelenOstapenko",2
"Andy Roddick, Novak Djokovic",2
"AP, Famer John McEnroe",2
"Sloane Stephens, Stephens",2
"Dimitrov, Grigor Dimitrov",2
"Rafael Nadal, WTA",2
"Italian Tennis Federation, WTA",2
"James, SerenWilliams",2
"AELTC, WTA",2
"Glasgow, Roger Federer",2
"Madison Keys, Taylor Townsend",2
"Candy, Corey",2
"Mike Bryan, Taylor Townsend",2
"1 Ashleigh Barty, Kvitova",2
"Anthony Wilding, Norman Brookes",2
"Gael Monfils, Novak Djokovic",2
"Coco Vandeweghe, Rio Olympics",2
"Taylor Townsend, Vegas Rollers",2
"Fernando Gonzalez, Novak Djokovic",2
"Madison Keys, Vegas Rollers",2
"Orlando Storm, PhiladelphiFreedoms",2
"Angelique Kerber, ElinSvitolina",2
"Federer, Roger",2
"Madison Keys, Orlando Storm",2
"Grigor Dimitrov, Rafael Nadal",2
"Coco Gauff, Naomi Osaka",2
"John Isner, Tommy Paul",2
"ITF, Tennis Australia",2
"Ivo Karlovic, Novak Djokovic",2
"AELTC, ATP",2
"Djokovic, Roger Federer",2
"Roger Federer, Wimbledon",2
"MonicPuig, Ryan Harrison",2
"ATP, Barcelona",2
"MonicPuig, Taylor Townsend",2
"FFT, Roland Garros",2
"Coco Vandeweghe, Madison Keys",2
"Coco Vandeweghe, Orlando Storm",2
"WTA, Watson",2
"Orlando Storm, Ryan Harrison",2
"MonicPuig, Rio Olympics",2
"Kim, Kim Clijsters",2
"PhiladelphiFreedoms, Ryan Harrison",2
"Andy Roddick, Ivo Karlovic",2
"AELTC, Tennis Australia",2
"Rafael Nadal, SerenWilliams",2
"AP, SANTIAGO",2
"James, Nadal",2
"Roger Federer, SerenWilliams",2
"Tennis Australia, WTA",2
"Mardy Fish, MonicPuig",2
"Kvitova, Petra",2
"Roger Federer, Tennis Australia",2
"Alejandro Davidvich Fokina, Thiago Seyboth Wild",1
"FIT Grand Slams ATP, Roger Federer",1
"ITF, Novak Djokovic Novak Djokovic",1
"Oracle, USTA National Campus",1
"UCLA, USC Trojans",1
"Carillo, John McEnroe",1
"Rod, Sampras",1
"Nancy Richey, Peaches Bartkowicz",1
"Taylor Fritz, rang",1
"MariSharapovShark, MariSharapova",1
"ATP Roland Garros HABER WEIGHS ITF Naomi Osaka Diego Schwartzman, Robin Haase",1
"AELTC, Spaniard Marc Lopez AP",1
"Bob Bryan Mike, Bob Bryan’d",1
"ArantxSanchez Vicario, Slam",1
"Puig Puig, Roland Garros ATP Rankings",1
"Serenfoundation, Stephens",1
"BiancAndreescu, USTA USTA",1
"Sportsnet, Sylvain Bruneau",1
"Andreescu, Justin Trudeau",1
"USTA, WTA Roland Garros USTA",1
"MonicPuig, Puig Puig",1
"John McEnroe, Reagan",1
"Roger Federer, Sam Querrey",1
"AP Rafael Nadal, Tennis Australia",1
"AELTC, Richard Lewis CBE",1
"PetrKvitova, WTA",1
"DonnVekic, Sloane",1
"USTA USTA, WTA Rankings Novak Djokovic",1
"Coco Gauff, Leylah Fernandez",1
"Rafael Nadal, Stadium One",1
"Grigor Dimitrov, Milos Raonic",1
"Mardy Fish, Mike Bryan",1
"Arthur Ashe, Ilie Nastase",1
"AP Kim Clijsters, Kim Clijsters AP Kim Clijsters Garbine Muguruza",1
"MicaelaMike, Mike",1
"Kwon, Wawrinka",1
"Grand Slam, SerenWilliams",1
"Stefan Edberg, Tracy Austin",1
"John McEnroe, MonicSeles",1
"Paul Annacone, Tennis Channel",1
"Ashleigh Barty, WTA Roland Garros USTA",1
"Andy Murray, Djokovic",1
"Butch Buchholz, Miami Open",1
"Covering Court, International Tennis Hall of Fame",1
"Robin Haase, Spaniard Marc Lopez AP",1
"Boston Celtics^, Famer John McEnroe",1
"AELTC, Diego Schwartzman ATP",1
"FFT, Grand Slams",1
"James long ago, Lebron James",1
"Visa, Volkswagen",1
"Andy Murray, David Ferrer",1
"Naomi Osaka, Wimbledon",1
"Novak Djokovic, Pete Sampras",1
"Ashleigh Barty, FFT",1
"ITF, MonicPuig",1
"Novak Djokovic, Tunisia",1
"FFT ATP Laver Cup  Metz, Novak Djokovic Novak Djokovic",1
"Capriati, GabrielSabatini",1
"Dick Stockton, Jeff Borowiak",1
"ITF WELLS, USTA",1
"BarborStrycova, Hsieh Su-wei",1
"Ashleigh Barty, Puig Puig",1
"Ivan, John McEnroe",1
"KarolinPliskova, Rafael Nadal Novak Djokovic",1
"AP Rafael Nadal, Puig Puig FFT",1
"Mandatory, YaroslavShvedova",1
"Rafael Nadal, Roland Garros ATP Rankings",1
"Moulton Moulton, Stadium One",1
"Deloitte, Visa",1
"USTA National Campus, University of Michigan",1
"USTA, USTA USTA",1
"Rafael Nadal Novak Djokovic, USTA",1
"RafNadal Academy, Superior Sports Council",1
"AP Rafael Nadal, Dominic Thiem",1
"Ashleigh Barty, Rafael Nadal",1
"Billie Jean King, Courier",1
"FFT, USTA",1
"ATP Roland Garros HABER WEIGHS ITF Naomi Osaka Diego Schwartzman, BiancAndreescu",1
"Puig Puig, Roger Federer",1
"Beverly Hills Tennis Club, Sam Querrey",1
"Bruins, USC Trojans",1
"AP Kim Clijsters, Rafael Nadal",1
"ATP, FFT ATP Laver Cup  Metz",1
"ATP Roland Garros HABER WEIGHS ITF Naomi Osaka Diego Schwartzman, Puig Puig",1
"Rafael Nadal, Yen-Hsun Lu",1
"ATP, Roland Garros ATP Rankings",1
"KarolinPliskova, SofiKenin",1
"Deloitte, Volkswagen",1
"Carillo, Courier",1
"FFT ATP Laver Cup  Metz, Rafael Nadal Novak Djokovic",1
"Bouzkova, Mary",1
"KarolinPliskova, MonicPuig MonicPuig MonicPuig MonicPuig MonicPuig MonicPuig Puig",1
"MonicSeles, Steffi Graf",1
"MonicPuig, Spaniard Marc Lopez AP",1
"Robin Haase, USTA.Dominic Thiem",1
"Robin Haase, Vasek Pospisil Roland Garros ATP UniteThePlayers",1
"ATP Roland Garros HABER WEIGHS ITF Naomi Osaka Diego Schwartzman, FFT ATP Laver Cup  Metz",1
"Kevin Anderson, Roger Federer",1
"Tommy Haas, Wells",1
"Dominic Thiem Novak Djokovic, Puig Puig FFT",1
"Ashleigh Barty, FIT",1
"New York Times, Steve Simon",1
"MariSharapova’s, Rafael Nadal",1
"MonicPuig, Robin Haase",1
"Oracle, University of Michigan",1
"AP Rafael Nadal, WTA",1
"FIT Grand Slams ATP, Kim Clijsters AP Kim Clijsters Garbine Muguruza",1
"Madison Keys, Mike Bryan",1
"2012.MonicPuig MonicPuig LNacion, USTA USTA",1
"Novak Djokovic, Rotterdam",1
"Heather Watson, Leylah Fernandez",1
"Kim Clijsters Novak Djokovic, USTA",1
"Roger Federer, Twitter ATP Player Council",1
"Roger Federer, Vasek Pospisil",1
"Dominic Thiem, Roland Garros ATP Rankings",1
"MonicPuig, USTA USTA",1
"Jimmy Evert, Rick Macci",1
"Rafael Nadal Novak Djokovic, Viktor Troicki",1
"Graf, SerenWilliams",1
"Dominic Thiem Novak Djokovic, Vasek Pospisil Roland Garros ATP UniteThePlayers",1
"Ivan Lendl, Stefan Edberg",1
"Ashleigh Barty, Dominic Thiem Novak Djokovic",1
"George Orwell, VirginiWoolf",1
"ATP Tour, Mohamed Safwat",1
"MariSharapova, Slam",1
"Ashleigh Barty, KarolinPliskova",1
"FFT, Robin Haase",1
"AP Kim Clijsters, Dominic Thiem",1
"Naomi Osaka, Serena",1
"Andy Murray, Federer and Nadal",1
"KarolinPliskova, Puig Puig FFT",1
"ATP Roland Garros HABER WEIGHS ITF Naomi Osaka Diego Schwartzman, Puig",1
"John Isner, Rafael Nadal",1
"Andy Murray, Milos Raonic",1
"BiancAndreescu, Spaniard Marc Lopez AP",1
"Dominic Thiem, FFT ATP Laver Cup  Metz",1
"Moulton, Nadal",1
"Puig Puig, Robin Haase",1
"KarolinPliskova, Kiki Bertens",1
"Isner, Taylor Fritz",1
"AP Kim Clijsters, FIT",1
"Rafael Nadal, Wawrinka",1
"AELTC, AP Rafael Nadal",1
"Roger Federer, Vasek Pospisil Roland Garros ATP UniteThePlayers",1
"Gaudenzi, TourTour",1
"ITF, Viktor Troicki",1
"Kim Clijsters Novak Djokovic, USTA.Dominic Thiem",1
"MonicSeles, Todd Martin",1
"ChandRubin, Tennis Channel",1
"Puig Puig, Tennis Australia",1
"BarborStrycova, JelenOstapenko",1
"BHTC, WTA",1
"Jamie Murray, Tennis Channel",1
"FFT, Puig Puig FFT",1
"Oceane Dodin, SofiKenin",1
"USTA.Dominic Thiem, WTA Rankings Novak Djokovic",1
"Kim Clijsters AP Kim Clijsters Garbine Muguruza, Puig Puig FFT",1
"Four Seasons Racquet Club, Greg Moran",1
"AndrePetkovic, Danielle Collins",1
"ITF, ITF WELLS",1
"CDC, N95",1
"Roland Garros Bernard Giudicelli, WTA",1
"BiancAndreescu, SofiKenin",1
"James Joyce, VirginiWoolf",1
"ITF, Kim Clijsters AP Kim Clijsters Garbine Muguruza",1
"Coca-Cola, Volkswagen",1
"KarolinPliskova, USTA",1
"Norman Brookes, Wilding",1
"ATP Roland Garros HABER WEIGHS ITF Naomi Osaka Diego Schwartzman, Rafael Nadal",1
"ATP Tour, Ryan Harrison",1
"Dominic Thiem, WTA Rankings Novak Djokovic",1
"Angelique Kerber, PetrKvitova",1
"Wimbledon, influenza",1
"KarolinPliskova, MonicPuig",1
"Bruno Soares, Vasek Pospisil",1
"Kerry Melville Reid, Rosie Casals",1
"Mats Wilander, Michael Chang",1
"Heather Watson, WTA",1
"ITF WELLS, Rafael Nadal",1
"Roland Garros ATP Rankings, WTA Roland Garros USTA",1
"Andy Murray, Rafael Nadal",1
"Italian Tennis Federation, Roger Federer",1
"ATP, Felix Auger-Aliassime",1
"Andrey Rublev, Karen Khachanov",1
"Kim Clijsters Novak Djokovic, Rafael Nadal Novak Djokovic",1
"Robin Haase, WTA Roland Garros USTA",1
"Martin Massiello, University of Southern California",1
"Dominic Thiem Novak Djokovic, FFT",1
"Djokovic, Juan Martin del Potro",1
"Courier, Ivan Lendl",1
"2012.MonicPuig MonicPuig LNacion, MonicPuig",1
"Novak Djokovic Novak Djokovic, WTA",1
"Roland Garros Bernard Giudicelli, Tennis Australia",1
"Robin Haase, Twitter ATP Player Council",1
"Kim Clijsters Novak Djokovic, WTA",1
"Mike, Wayne",1
"BiancAndreescu, ITF",1
"Diego Schwartzman ATP, WTA Rankings Novak Djokovic",1
"Maurice McLoughlin, Tom Bundy",1
"AELTC, USTA.Dominic Thiem",1
"Isner, Prakash Amritraj",1
"Chris Evert, Wimbledon",1
"Dominic Thiem, Rafael Nadal",1
"Jurgen Melzer, Yen-Hsun Lu",1
"Roddick, Wimbledon",1
"Kim Clijsters Novak Djokovic, Puig Puig",1
"MariSharapova, Serena",1
"Feliciano Lopez, Jeremy Chardy",1
"Dominic Thiem Novak Djokovic, FIT",1
"Brookes, Norman Brookes",1
"BNP Paribas Open, University of Southern California",1
"MonicPuig, USTA.Dominic Thiem",1
"Kim Clijsters Novak Djokovic, Puig Puig FFT",1
"Kim Clijsters Novak Djokovic, MonicPuig MonicPuig MonicPuig MonicPuig MonicPuig MonicPuig Puig",1
"AnastasiPavlyuchenkova, BiancAndreescu",1
"Federer, Grand Slams",1
"FIT Grand Slams ATP, Twitter ATP Player Council",1
"Diego Schwartzman ATP, Rafael Nadal",1
"Naomi Osaka, Rod Laver Arena",1
"Alexander Zverev’d, John Isner",1
"Kim Clijsters AP Kim Clijsters Garbine Muguruza, Vasek Pospisil Roland Garros ATP UniteThePlayers",1
"Bob, Grand Slam",1
"MonicPuig, Roland Garros ATP Rankings",1
"FIT, Vasek Pospisil Roland Garros ATP UniteThePlayers",1
"Lindsay Davenport, MonicSeles",1
"Novak Djokovic, Vasek Pospisil",1
"AnastasiPotapova, Wang Yafan",1
"AELTC, Dominic Thiem Novak Djokovic",1
"AELTC, Twitter ATP Player Council",1
"Grand Slam, Roland Garros",1
"Twitter ATP Player Council, Vasek Pospisil Roland Garros ATP UniteThePlayers",1
"Keys, Ryan Harrison",1
"Gael Monfils^, Vitas Gerulaitis",1
"Puig, Roland Garros Bernard Giudicelli",1
"Italian Tennis Federation, Spaniard Marc Lopez AP",1
"Dominic Thiem Novak Djokovic, Puig Puig",1
"Dominic Thiem Novak Djokovic, Kim Clijsters Novak Djokovic",1
"AP Kim Clijsters, AP Rafael Nadal",1
"Michael Dowse, Patrick J. Galbraith",1
"ITF WELLS, WTA",1
"ITF WELLS, Viktor Troicki",1
"BiancAndreescu, Rafael Nadal",1
"ATP, WTA Madrid Masters",1
"FFT ATP Laver Cup  Metz, MonicPuig MonicPuig MonicPuig MonicPuig MonicPuig MonicPuig Puig",1
"ElinSvitolina, SerenWilliams",1
"ElinSvitolina, Kiki Bertens",1
"Daniil Medvedev, Daniil Medvedev Grand Slam",1
"Hawk-Eye, Larry Ellison",1
"MartinNavratilova, Mats Wilander",1
"Mohamed Safwat, countrywoman Ons Jabeur",1
"National Tennis League, Rod Laver",1
"Sam Querrey, Vegas Rollers",1
"SofiKenin, SofiKenin—.",1
"Ivan Lendl, Tracy Austin",1
"FFT ATP Laver Cup  Metz, FIT Grand Slams ATP",1
"ITF, Puig Puig",1
"Judy Tegart Dalton, Kristy Pigeon",1
"Pete, Roger",1
"Billie Jean King, SerenWilliams",1
"Roland Garros Bernard Giudicelli, USTA.Dominic Thiem",1
"Rafael Nadal Novak Djokovic, WTA",1
"104th, UTR",1
"2012.MonicPuig MonicPuig LNacion, MonicPuig MonicPuig MonicPuig MonicPuig MonicPuig MonicPuig Puig",1
"Mandatory, Masters",1
"Kim Clijsters AP Kim Clijsters Garbine Muguruza, USTA USTA",1
"ElenVesnina^s, Venus Williams",1
"AP Kim Clijsters, ITF WELLS",1
"Alexander Zverev, Federer",1
"Bryan, Rio Olympics",1
"Larry Ellison, Stadium One",1
"Federer, Glasgow",1
"Kalamazoo, Mike",1
"Dominic Thiem Novak Djokovic, MonicPuig MonicPuig MonicPuig MonicPuig MonicPuig MonicPuig Puig",1
"Diego Schwartzman, Elgnache Radio",1
"Bernard Tomic, Melbourne Herald Sun",1
"Bill Tilden, Suzanne Lenglen",1
"Balearic Islands’ Regional Ministry of Health, Moviestar",1
"Robin Haase, Roland Garros ATP Rankings",1
"Novak Djokovic Novak Djokovic, Safwat fifth Dubai",1
"Roland Garros ATP Rankings, Twitter ATP Player Council",1
"Bryan, PhiladelphiFreedoms",1
"Julie Heldman, Peaches Bartkowicz",1
"FIT Grand Slams ATP, Puig Puig",1
"FFT, Twitter ATP Player Council",1
"Marie Bouzkova, Wang Yafan",1
"Puig, Rafael Nadal",1
"Lindsay Davenport, Steffi Graf",1
"Balearic Islands’ Regional Ministry of Health, Rafael Nadal",1
"Kim Clijsters Novak Djokovic, Puig",1
"Frankie Moulton, Krystal Glasgow",1
"Kyle Edmund, Taylor Fritz",1
"Goran Ivanisevic, Michael Chang",1
"Ivan Lendl, Sanchez Vicario",1
"Ohio State University, University of Michigan",1
"Dominic Thiem, Roland Garros Bernard Giudicelli",1
"FIT, Twitter ATP Player Council",1
"David Ferrer, Milos Raonic",1
"Ashleigh Barty, USTA.Dominic Thiem",1
"Alexander Zverev, Roger",1
"NBA, NHL",1
"ATP, Puig Puig",1
"Puig Puig, WTA Roland Garros USTA",1
"BiancAndreescu, Robin Haase",1
"ATP, Ashleigh Barty",1
"Covering Court, Suzanne Lenglen",1
"ATP Roland Garros HABER WEIGHS ITF Naomi Osaka Diego Schwartzman, Novak Djokovic Novak Djokovic",1
"Jamie Loeb, Tennis Award",1
"Alexander Zverev, Federer and Nadal",1
"MonicPuig, MonicPuig MonicPuig MonicPuig MonicPuig MonicPuig MonicPuig Puig",1
"Dominic Thiem Novak Djokovic, USTA USTA",1
"BTR, Noah Rubin",1
"Paul Annacone^s, Tennis Channel",1
"FFT, MonicPuig",1
"Djokovic, Federer and Nadal",1
"Judy Tegart Dalton, Valerie Ziegenfuss",1
"Alexander Zverev, Milos Raonic",1
"Alexis Ohanian, SerenWilliams",1
"ArantxRus^, ElinSvitolina",1
"French Tennis Federation, Roland Garros",1
"AP Kim Clijsters, Robin Haase",1
"ATP, Stephens",1
"FFT, Kim Clijsters AP Kim Clijsters Garbine Muguruza",1
"Al Laney, Suzanne Lenglen",1
"KarolinPliskova, Kim Clijsters Novak Djokovic",1
"Centre Court, Jack Kramer",1
"Famer John McEnroe, Gordon Hayward",1
"FIT, Novak Djokovic Novak Djokovic",1
"ITF, Roland Garros ATP Rankings",1
"ChelseFC, Juventus",1
"Querrey, Querrey^d",1
"Puig, Robin Haase",1
"Kim Clijsters Novak Djokovic, MonicPuig",1
"AP Kim Clijsters, Roland Garros Bernard Giudicelli",1
"AP Kim Clijsters, Spaniard Marc Lopez AP",1
"Ashleigh Barty, FFT ATP Laver Cup  Metz",1
"Pete, Rafa",1
"Hsieh Su-wei, JelenOstapenko",1
"Rafael, Rafael Nadal",1
"Darlene Hard, MariBueno",1
"BiancAndreescu, Danielle Collins",1
"Roger Federer, Spaniard Marc Lopez AP",1
"LeBron James, Roger",1
"Billie Jean, VirginiWade",1
"Novak Djokovic Novak Djokovic, WTA Rankings Novak Djokovic",1
"Dominic Thiem Novak Djokovic, Roland Garros ATP Rankings",1
"2012.MonicPuig MonicPuig LNacion, USTA.Dominic Thiem",1
"JelenOstapenko, SofiKenin",1
"FIT, Kim Clijsters Novak Djokovic",1
"Caty McNally, WTA",1
"Rafael Nadal, Rafael Nadal’re",1
"Clark Graebner, Levels of Game",1
"Rafael Nadal, Twitter ATP Player Council",1
"AP Rafael Nadal, Diego Schwartzman ATP",1
"Keys, Taylor Townsend",1
"Ashleigh Barty, BiancAndreescu",1
"MonicPuig MonicPuig MonicPuig MonicPuig MonicPuig MonicPuig Puig, Roger Federer",1
"ArynSabalenka, PetrKvitova",1
"MonicPuig MonicPuig MonicPuig MonicPuig MonicPuig MonicPuig Puig, WTA Roland Garros USTA",1
"AP Kim Clijsters, FFT",1
"MonicPuig, Puig Puig FFT",1
"Rafael Nadal, Stefanos Tsitsipas",1
"Diego Schwartzman ATP, Roland Garros ATP Rankings",1
"CDC, Riverside Public Health Department",1
"ITF WELLS, Vasek Pospisil Roland Garros ATP UniteThePlayers",1
"Ash Barty, Gibbs",1
"Bala, Mark Cuban",1
"FFT, Viktor Troicki",1
"ATP, Mark Knowles",1
"BornCoric, Thiago Seyboth Wild",1
"USTA, USTA.Dominic Thiem",1
"John Isner, Sam Querrey",1
"Jurgen Melzer, Rafael Nadal",1
"Capriati, Rick Macci",1
"Alessandro, Alessandro Barel",1
"Courier, Todd Martin",1
"AELTC, Novak Djokovic Novak Djokovic",1
"Carillo, Mats Wilander",1
"BiancAndreescu, Puig Puig",1
"Naomi Osaka, Tennis Channel^s",1
"Alexander Zverev, Juan Martin del Potro",1
"Puig Puig, Viktor Troicki",1
"Vasek Pospisil Roland Garros ATP UniteThePlayers, WTA Rankings Novak Djokovic",1
"King, Rod Laver",1
"Brookes, Imperial Russia",1
"David Beckham, Inter-Miami MLS",1
"SerenWilliams, Twin",1
"ATP Roland Garros HABER WEIGHS ITF Naomi Osaka Diego Schwartzman, MonicPuig",1
"MonicPuig MonicPuig MonicPuig MonicPuig MonicPuig MonicPuig Puig, WTA",1
"FFT, Roland Garros Bernard Giudicelli",1
"FFT ATP Laver Cup  Metz, Roger Federer",1
"Ferreira, Marin Cilic",1
"2012.MonicPuig MonicPuig LNacion, KarolinPliskova",1
"ElinSvitolina, Monterrey",1
"USTA USTA, USTA.Dominic Thiem",1
"Roland Garros ATP Rankings, Spaniard Marc Lopez AP",1
"Bryan Bros Band, SerenWilliams",1
"Prague Prague, WTA",1
"Arsenal, Augusta",1
"Nur-Sultan, Yannick Maden",1
"Jeremy Chardy, Tommy Haas",1
"Novak Djokovic, Yen-Hsun Lu",1
"Nancy Richey, Valerie Ziegenfuss",1
"ATP, Diego Schwartzman",1
"Kim Clijsters AP Kim Clijsters Garbine Muguruza, MonicPuig MonicPuig MonicPuig MonicPuig MonicPuig MonicPuig Puig",1
"Jurgen Melzer, Sam Querrey",1
"AP Kim Clijsters, KarolinPliskova",1
"2012.MonicPuig MonicPuig LNacion, Roland Garros ATP Rankings",1
"Bob, Kalamazoo",1
"FFT ATP Laver Cup  Metz, WTA",1
"Dominic Thiem Novak Djokovic, Novak Djokovic Novak Djokovic",1
"Puig Puig FFT, Roland Garros ATP Rankings",1
"Southern Methodist University, USTA National Campus",1
"BiancAndreescu, Twitter ATP Player Council",1
"ATP Roland Garros HABER WEIGHS ITF Naomi Osaka Diego Schwartzman, FIT Grand Slams ATP",1
"Goran Ivanisevic, Ivan Lendl",1
"Jack Sock, Mike",1
"ElenRybakina, SofiKenin",1
"Arsenal, Inter-Miami MLS",1
"Roger Federer, Roger Federer^s",1
"ATP Tour, Tunisia",1
"MonicPuig MonicPuig MonicPuig MonicPuig MonicPuig MonicPuig Puig, Twitter ATP Player Council",1
"2012.MonicPuig MonicPuig LNacion, Puig Puig FFT",1
"John McEnroe, Mats Wilander",1
"AELTC, Roger Federer",1
"Dominic Thiem, Tennis Australia",1
"Mats Wilander, MonicSeles",1
"ATP Roland Garros HABER WEIGHS ITF Naomi Osaka Diego Schwartzman, Puig Puig FFT",1
"Goran Ivanisevic, MonicSeles",1
"Rafael Nadal, Vasek Pospisil Roland Garros ATP UniteThePlayers",1
"Italian Tennis Federation, MonicPuig",1
"Caty McNally, Linz",1
"barber shop, social discourse",1
"ElenVesnina^s, SvetlanKuznetsova",1
"AP Kim Clijsters, Kim Clijsters Novak Djokovic",1
"All England Lawn Tennis Club, Wimbledon",1
"Kim Clijsters AP Kim Clijsters Garbine Muguruza, WTA",1
"Kim Clijsters AP Kim Clijsters Garbine Muguruza, Spaniard Marc Lopez AP",1
"Matteo 7-6, Querrey",1
"Billie Jean, Billie Jean King",1
"Julie Heldman, Nancy Richey",1
"BBC, Dan Maskell",1
"BiancAndreescu, Novak Djokovic Novak Djokovic",1
"Garin, Thiago Wild",1
"Boris Becker, Jim Courier",1
"MonicPuig MonicPuig MonicPuig MonicPuig MonicPuig MonicPuig Puig, Robin Haase",1
"MariSharapova, Orange County Breakers",1
"MonicPuig, Roland Garros Bernard Giudicelli",1
"ElinSvitolina, Wells",1
"ATP, Gaudenzi",1
"Itaú, WTA",1
"Puig, WTA Rankings Novak Djokovic",1
"AP Rafael Nadal, KarolinPliskova",1
"Kiki Bertens, SerenWilliams",1
"ATP Roland Garros HABER WEIGHS ITF Naomi Osaka Diego Schwartzman, FFT",1
"Famer John McEnroe, Roger Federer",1
"Billie Jean King, MonicSeles",1
"MonicPuig MonicPuig MonicPuig MonicPuig MonicPuig MonicPuig Puig, Puig Puig",1
"BNP Paribas Open, Barcelona",1
"Diego Schwartzman ATP, KarolinPliskova",1
"FIT, Roger Federer",1
"BiancAndreescu, Italian Tennis Federation",1
"Rafael Nadal, Sam Querrey",1
"Novak Djokovic, Stan Wawrinka",1
"Djokovic Djokovic, Stefanos Tsitsipas",1
"Ashleigh Barty, Kim Clijsters Novak Djokovic",1
"ATP, NBA",1
"KarolinPliskova, Kim Clijsters AP Kim Clijsters Garbine Muguruza",1
"BiancAndreescu, Kim Clijsters Novak Djokovic",1
"AP Rafael Nadal, Puig Puig",1
"Jaqueline Cristian, SofiKenin",1
"Arthur Ashe, Levels of Game",1
"2012.MonicPuig MonicPuig LNacion, Puig",1
"Dominic Thiem Novak Djokovic, Robin Haase",1
"FIT Grand Slams ATP, Rafael Nadal",1
"Mike Bryan, PhiladelphiFreedoms",1
"AELTC, KarolinPliskova",1
"Ashleigh Barty, Diego Schwartzman ATP",1
"Andreescu, Maria",1
"Halep, Wells",1
"AP Rafael Nadal, Dominic Thiem Novak Djokovic",1
"John McEnroe, Tracy Austin",1
"AELTC, FFT",1
"ConchitMartinez, Kim Clijsters",1
"Martin Massiello, Operating Officer",1
"MonicPuig MonicPuig MonicPuig MonicPuig MonicPuig MonicPuig Puig, Vasek Pospisil Roland Garros ATP UniteThePlayers",1
"ArynSabalenka, Sergey",1
"Roger Federer, Roland Garros ATP Rankings",1
"FFT ATP Laver Cup  Metz, Puig Puig",1
"Puig, WTA",1
"Frenchman, Novak Djokovic",1
"RF, Roger Federer",1
"FFT, Rafael Nadal",1
"NBA, NCAA",1
"ATP, WTA Premier",1
"FFT ATP Laver Cup  Metz, Tennis Australia",1
"Carillo, Goran Ivanisevic",1
"Rafael Nadal, Spaniard Marc Lopez AP",1
"Alexander Zverev, Djokovic",1
"ATP Roland Garros HABER WEIGHS ITF Naomi Osaka Diego Schwartzman, KarolinPliskova",1
"FFT ATP Laver Cup  Metz, Kim Clijsters Novak Djokovic",1
"Diego Schwartzman ATP, Tennis Australia",1
"Arthur Ashe, Jon Wertheim",1
"All England Club, Gauff",1
"AP Rafael Nadal, WTA Rankings Novak Djokovic",1
"KarolinPliskova, Rafael Nadal",1
"Feliciano Lopez, Stefanos Tsitsipas",1
"Stan WawrinkaStan, Zverev",1
"Davis Cup, Tom Gullikson",1
"Federer, Nick Kyrgios",1
"AP Rafael Nadal, FIT Grand Slams ATP",1
"Alexis OlympiOhanian  Jr., SerenWilliams",1
"Caty McNally, Coco Gauff",1
"Rafael Nadal Novak Djokovic, Vasek Pospisil Roland Garros ATP UniteThePlayers",1
"Michael Dowse, Patrick Galbraith",1
"Roland Garros Bernard Giudicelli, WTA Rankings Novak Djokovic",1
"Dominic Thiem Novak Djokovic, Puig",1
"FIT Grand Slams ATP, USTA",1
"Daniil Medvedev, Medvedev",1
"Davis Cup, Mike Bryan",1
"Twitter ATP Player Council, Viktor Troicki",1
"AP Kim Clijsters, Dominic Thiem Novak Djokovic",1
"Madison Keys, Sam Querrey",1
"Kim Clijsters Novak Djokovic, Twitter ATP Player Council",1
"Bruno Soares, John Isner",1
"Micaela, Richard",1
"Miami Open, Wells",1
"Alexander Zverev, Andy Roddick",1
"Novak Djokovic, PetrKvitova",1
"Puig, Twitter ATP Player Council",1
"Southern Methodist University, Tennis Center",1
"KarolinPliskova, WTA Rankings Novak Djokovic",1
"Andrey Rublev, Gael Monfils",1
"Ivan Lendl, Todd Martin",1
"Roland Garros, WTA Tour",1
"Ashleigh Barty, Puig Puig FFT",1
"Roland Garros Bernard Giudicelli, Vasek Pospisil Roland Garros ATP UniteThePlayers",1
"ITF WELLS, Puig Puig FFT",1
"Coco Vandeweghe, Sam Querrey",1
"MonicPuig, Novak Djokovic Novak Djokovic",1
"Brady, WTA",1
"Judy Tegart Dalton, Nancy Richey",1
"Italian Tennis Federation, Kim Clijsters Novak Djokovic",1
"Laver Cup, Roland Garros",1
"Orange County Breakers, Sharapova",1
"FFT, Vasek Pospisil Roland Garros ATP UniteThePlayers",1
"BiancAndreescu, USTA.Dominic Thiem",1
"ATP Roland Garros HABER WEIGHS ITF Naomi Osaka Diego Schwartzman, ITF",1
"IOC, Thomas Bach",1
"Diego Schwartzman ATP, FFT",1
"USTA, Viktor Troicki",1
"Vasek Pospisil Roland Garros ATP UniteThePlayers, WTA Roland Garros USTA",1
"Dan Evans, Stefanos Tsitsipas",1
"Robin Haase, USTA USTA",1
"KarolinPliskova, Robin Haase",1
"BiancAndreescu, JohannKonta",1
"AELTC, All England Lawn Tennis Club",1
"FFT ATP Laver Cup  Metz, USTA",1
"182nd, Renzo Olivo",1
"Dominic Thiem, Spaniard Marc Lopez AP",1
"2012.MonicPuig MonicPuig LNacion, FIT",1
"2012.MonicPuig MonicPuig LNacion, ITF",1
"Dimitrov, Wawrinka",1
"ITF, WTA Rankings Novak Djokovic",1
"Matteo, Matteo 7-6",1
"Boris Becker, Pete Sampras",1
"Italian Tennis Federation, USTA.Dominic Thiem",1
"Mike, Nestor",1
"Rafael Nadal, WTA Rankings Novak Djokovic",1
"Roland Garros ATP Rankings, Viktor Troicki",1
"Stan WawrinkaStan, Stan WawrinkaStan Wawrinka",1
"FFT ATP Laver Cup  Metz, Puig",1
"ATP Roland Garros HABER WEIGHS ITF Naomi Osaka Diego Schwartzman, USTA.Dominic Thiem",1
"Beyoncé, Candy",1
"Novak Djokovic, too - Rafael Nadal",1
"Jamie Loeb, University of North Carolina",1
"AP Rafael Nadal, BiancAndreescu",1
"Dominic Thiem, FFT",1
"Gauff, PolonHercog",1
"John McEnroe, Milos Raonic",1
"Karen Krantzcke, Kvitova",1
"Ken Rosewall, National Tennis League",1
"Khachanov, Rublev",1
"Bjorn Borg, Vitas Gerulaitis",1
"FFT, ITF",1
"AP Rafael Nadal, MonicPuig",1
"RenatZarazua, WTA",1
"Agassi, Rafa",1
"MariBueno, VirginiWade",1
"Italian Tennis Federation, Rafael Nadal",1
"Marie Bouzkova, WTA",1
"Diego Schwartzman ATP, Viktor Troicki",1
"Dominic Thiem, Puig",1
"Angelique Kerber, Venus Williams",1
"MartinNavratilova, Patrick Rafter",1
"Tennis Australia, WTA Rankings Novak Djokovic",1
"FFT, Puig",1
"Roger Federer, Viktor Troicki",1
"Miles Davis’s, Sanchez Vicario",1
"Dominic Thiem Novak Djokovic, FFT ATP Laver Cup  Metz",1
"BiancAndreescu, Caroline Wozniacki",1
"Darlene Hard, Margaret Court",1
"Naomi Osaka, WTA",1
"Carillo, Patrick Rafter",1
"Coco Gauff, Tennis.com",1
"Tallulah Bankhead, VirginiWoolf",1
"Tennis, Tennis Award",1
"Federer, Wimbledon",1
"2012.MonicPuig MonicPuig LNacion, Kim Clijsters Novak Djokovic",1
"Aisam-ul-Haq Qureshi, Andy Murray",1
"KarolinPliskova, SimonHalep",1
"Louis Borfiga, Tennis Canada",1
"Billie Jean King, Novak Djokovic",1
"Robin Haase, Roger Federer",1
"AELTC, FIT",1
"Dominic Thiem, FIT Grand Slams ATP",1
"Tennis Center, University of Michigan",1
"Bob Bryan, Wayne Bryan",1
"Alison Riske, Wimbledon",1
"ATP, Jim Courier",1
"Roland Garros Bernard Giudicelli, Viktor Troicki",1
"ITF WELLS, Tennis Australia",1
"Arthur Ashe, Borowiak",1
"Courier, John McEnroe",1
"Confessional Cart, Tennis Channel^s",1
"Kim Clijsters AP Kim Clijsters Garbine Muguruza, Kim Clijsters Novak Djokovic",1
"Butch Buchholz, Wells",1
"Kalamazoo, Nestor",1
"Julie Heldman, Kristy Pigeon",1
"AELTC, Rafael Nadal",1
"Constanta, SimonHalep",1
"Southern Methodist University, University of Michigan",1
"John Isner, Taylor Fritz’s",1
"DonnVekic, JohannKonta",1
"George Orwell, James Joyce",1
"David Ferrer, Federer and Nadal",1
"MartinNavratilova, MonicSeles",1
"Gael Monfils^, Stefanos Tsitsipas",1
"USTA USTA, WTA",1
"Bob Bryan Mike, Mike",1
"Dominic Thiem Novak Djokovic, Tennis Australia",1
"Spaniard Marc Lopez AP, USTA USTA",1
"2012.MonicPuig MonicPuig LNacion, Dominic Thiem Novak Djokovic",1
"FFT ATP Laver Cup  Metz, FIT",1
"BiancAndreescu, USTA",1
"Cinderella, ElinSvitolina",1
"Tunisia, countrywoman Ons Jabeur",1
"Grand Slam, Mike Bryan",1
"Ken Rosewall, Rod Laver",1
"Bob, Ryan Harrison",1
"Kim Clijsters^s, Muguruza",1
"Marc Lopez, Rafael Nadal",1
"FIT Grand Slams ATP, WTA",1
"Kerry Melville Reid, Peaches Bartkowicz",1
"Gauff, Wimbledon",1
"SofiKenin, UTR",1
"Robin Haase, Roland Garros Bernard Giudicelli",1
"FFT ATP Laver Cup  Metz, Spaniard Marc Lopez AP",1
"ATP, Marin Cilic",1
"Monte Carlo, Roland Garros",1
"Djokovic, Milos Raonic",1
"CDC, Centers for Disease Control",1
"Coco Gauff, Wimbledon",1
"Kim Clijsters Novak Djokovic, Robin Haase",1
"Jon Wertheim, Wells",1
"Mats Wilander, Patrick Rafter",1
"Billie Jean, Margaret Court",1
"Capriati, Chris Evert",1
"Angelique Kerber, Cinderella",1
"Kevin Anderson, Novak Djokovic",1
"Brit, Taylor Fritz",1
"MariSharapova, WTA Tour",1
"Dominic Thiem Novak Djokovic, Kim Clijsters AP Kim Clijsters Garbine Muguruza",1
"Bjorn Borg, Team Europe",1
"Bryan, Madison Keys",1
"FFT, FFT ATP Laver Cup  Metz",1
"Lakers, Liverpool",1
"Slam, Steffi Graf",1
"Roger Federer, WTA",1
"Diego Schwartzman ATP, FIT",1
"Haas, SerenWilliams",1
"ATP, Steve",1
"Kenin, Mallorca",1
"Alex De Minaur, Jack Sock",1
"Novak Djokovic Novak Djokovic, Rafael Nadal",1
"Novak Djokovic, Paris Masters",1
"Oracle Challenge Series, Taylor Fritz",1
"Goran Ivanisevic, Mats Wilander",1
"Jean King, Wells Tennis Garden—7.5",1
"Ohio State University, Tennis Center",1
"ATP, Laver Cup",1
"Garbine Murugura, Kenin",1
"BiancAndreescu, WTA Rankings Novak Djokovic",1
"AELTC, Roland Garros Bernard Giudicelli",1
"FIT Grand Slams ATP, ITF",1
"ITF WELLS, WTA Roland Garros USTA",1
"Andy Roddick, Juan Martin del Potro",1
"Billie Jean, Darlene Hard",1
"2012.MonicPuig MonicPuig LNacion, Rafael Nadal",1
"MonicPuig, Rafael Nadal Novak Djokovic",1
"Brit, WTA",1
"FFT ATP Laver Cup  Metz, Rafael Nadal",1
"BiancAndreescu, SerenWilliams",1
"AP Kim Clijsters, USTA",1
"Vitas Gerulaitis, Wimbledon",1
"GOAT, Joel",1
"Juan Pablo, Spaniard Roberto",1
"Rafael Nadal, Rafael Nadal Novak Djokovic",1
"ElinSvitolina, KarolinPliskova",1
"Tennis, University of North Carolina",1
"FFT, WTA Roland Garros USTA",1
"Tennis Australia, USTA.Dominic Thiem",1
"Ivan Lendl, MartinNavratilova",1
"Mike, Mike 100th",1
"Novak Djokovic, Whatsapp",1
"Nancy Richey, Rosie Casals",1
"ITF WELLS, Novak Djokovic Novak Djokovic",1
"Lebron James, Rafael Nadal",1
"Puig, Rafael Nadal Novak Djokovic",1
"2012.MonicPuig MonicPuig LNacion, Rafael Nadal Novak Djokovic",1
"Bob, Rio Olympics",1
"Matteo 7-6, Matteo Berrettini",1
"KarolinPliskova, Roland Garros ATP Rankings",1
"KarolinPliskova, Twitter ATP Player Council",1
"Bruno Soares, Wimbledon",1
"Billie Jean King National Tennis Center, U.S. Tennis Association",1
"Ashleigh Barty, Kim Clijsters AP Kim Clijsters Garbine Muguruza",1
"Twitter ATP Player Council, WTA Rankings Novak Djokovic",1
"Juan Pablo, Thiago Monteiro",1
"Billie Jean King, Ivan Lendl",1
"Roland Garros ATP Rankings, WTA",1
"Karen Krantzcke, Sportsmanship Award",1
"FIT, Spaniard Marc Lopez AP",1
"MonicPuig, WTA Rankings Novak Djokovic",1
"Darlene Hard, VirginiWade",1
"Justine Henin, Lindsay Davenport",1
"2012.MonicPuig MonicPuig LNacion, WTA Roland Garros USTA",1
"AnastasiPotapova, Marie Bouzkova",1
"Ivan Lendl, Miles Davis’s",1
"ATP Roland Garros HABER WEIGHS ITF Naomi Osaka Diego Schwartzman, Italian Tennis Federation",1
"Player Council, WTA",1
"DayanYastremska, SofiKenin",1
"SimonHalep, WTA",1
"Billie Jean King, Patrick Rafter",1
"Heather Watson, Wang Xiyu",1
"Kevin Anderson, Rafael Nadal",1
"Ellison, Oracle",1
"Alexander Zverev, Alexander Zverev’d",1
"Sampras, Wimbledon",1
"Kim Clijsters AP Kim Clijsters Garbine Muguruza, MonicPuig",1
"Brit, Fernandez",1
"BNP Paribas Open, Tournament",1
"Oracle, Oracle US Tennis Awards",1
"Kim Clijsters Novak Djokovic, Roland Garros ATP Rankings",1
"FIT, MonicPuig",1
"Dominic Thiem Novak Djokovic, Twitter ATP Player Council",1
"Goran Ivanisevic, Stefan Edberg",1
"Bob, Bobby Jr.",1
"Dominic Thiem Novak Djokovic, KarolinPliskova",1
"Alexander Zverev, David Ferrer",1
"FFT, WTA",1
"Bob, Michelle",1
"Dominic Thiem Novak Djokovic, Roland Garros Bernard Giudicelli",1
"Omni LCostResort & Spa, World TeamTennis Celebrity All-Star Match",1
"Djokovic, Marin Cilic",1
"FFT ATP Laver Cup  Metz, Kim Clijsters AP Kim Clijsters Garbine Muguruza",1
"Capriati, Getty Images",1
"Caty McNally, Naomi Osaka",1
"Novak Djokovic Novak Djokovic, WTA Roland Garros USTA",1
"FIT Grand Slams ATP, Kim Clijsters Novak Djokovic",1
"FFT, Rafael Nadal Novak Djokovic",1
"Caty McNally, Wimbledon",1
"David Goffin, Diego Schwartzman",1
"Novak Djokovic Novak Djokovic, Puig Puig FFT",1
"Davis Cup Challenge Round, West Side Tennis Club",1
"Dominic Thiem, Robin Haase",1
"Puig Puig FFT, Roland Garros Bernard Giudicelli",1
"ITF, Rafael Nadal",1
"Anne White, BHTC",1
"Micaela, Micaeldad’s",1
"DonnVekic, Madison Keys",1
"AP Kim Clijsters, Vasek Pospisil Roland Garros ATP UniteThePlayers",1
"Puig Puig, USTA",1
"Fernandez, WTA",1
"Alejandro Davidvich Fokina, BornCoric",1
"USTA USTA, Viktor Troicki",1
"Jeremy Chardy, L^Equipe",1
"Kim, MariSharapova",1
"Todd Martin, Tracy Austin",1
"John Isner, Jurgen Melzer",1
"Puig Puig FFT, Tennis Australia",1
"ITF WELLS, Rafael Nadal Novak Djokovic",1
"AndreJaeger, Capriati",1
"Federer and Nadal, Juan Martin del Potro",1
"Patrick Rafter, Stefan Edberg",1
"AELTC, Dominic Thiem",1
"Mike, Wayne Bryan",1
"Ohio State University, Oracle",1
"MartinNavratilova, Todd Martin",1
"2012.MonicPuig MonicPuig LNacion, FIT Grand Slams ATP",1
"James Valentine, Maroon",1
"ATP, Diego Schwartzman ATP",1
"Hall of Famer, Kim Clijsters",1
"NHL, WTA",1
"Courier, Michael Chang",1
"FFT ATP Laver Cup  Metz, Robin Haase",1
"ATP, Daniil Medvedev Grand Slam",1
"MonicSeles, Stefan Edberg",1
"Al Laney, New York Herald Tribune",1
"AP Kim Clijsters, Puig Puig FFT",1
"ATP, Wayne Ferreir#",1
"ATP Tour, WTA Tour",1
"Diego Schwartzman ATP, USTA USTA",1
"Billie Jean King^s, Chris Evert",1
"KarolinPliskova, Roland Garros Bernard Giudicelli",1
"Brookes, Wilding",1
"AELTC, AP Kim Clijsters",1
"Davis Cup, Fed Cup",1
"Emilio Gomez, Soeda",1
"HelenSukova, Nathalie Tauziat",1
"Jack Sock, Roberto BautistAgut",1
"ATP Roland Garros HABER WEIGHS ITF Naomi Osaka Diego Schwartzman, Roland Garros Bernard Giudicelli",1
"Capriati, Roland Garros",1
"BiancAndreescu, Oracle Challenge Series",1
"FFT, USTA USTA",1
"AELTC, Robin Haase",1
"Dominic Thiem, Dominic Thiem Novak Djokovic",1
"AP Rafael Nadal, WTA Roland Garros USTA",1
"Centre Court, PolonHercog",1
"Alejandro Davidovich, Cristian Garín",1
"Bob, PhiladelphiFreedoms",1
"MariSharapova, SerenWilliams",1
"Centers for Disease Control, Riverside Public Health Department",1
"MartinNavratilova, Michael Chang",1
"David Ferrer, Marin Cilic",1
"Apostolos, Tsitsipas",1
"FFT, Roland Garros ATP Rankings",1
"Ivo Karlovic, Paris Masters",1
"ITF, Kim Clijsters Novak Djokovic",1
"Serena, Venus",1
"ITF, Puig",1
"Rafael Nadal, Superior Sports Council",1
"FFT ATP Laver Cup  Metz, Twitter ATP Player Council",1
"Bruno Soares, Kevin Anderson",1
"MLB, NHL",1
"Oracle, Tennis Center",1
"Capriati, Mary Lou Daniels",1
"Bruno Soares, Jurgen Melzer",1
"Buenos Aires, Diego Schwartzman",1
"AP Kim Clijsters, Novak Djokovic Novak Djokovic",1
"Denis Shapovalov, mic",1
"Juan Ignácio Londero of, Thiago Wild",1
"ArantxSanchez Vicario, Steffi Graf",1
"Ash Barty, Jennifer Brady",1
"Lyon, Oceane Dodin",1
"MartinNavratilova, Stefan Edberg",1
"Sharapova, WTT",1
"Vasek Pospisil Roland Garros ATP UniteThePlayers, WTA",1
"ATP, Malek Jaziri",1
"Dominic Thiem Novak Djokovic, USTA.Dominic Thiem",1
"Haas, Naomi Osaka",1
"Mike Bryan, Rio Olympics",1
"Courier, Stefan Edberg",1
"DayanYastremska, JelenOstapenko",1
"Juan Martin del Potro, Marin Cilic",1
"USTA.Dominic Thiem, Viktor Troicki",1
"Spaniard Marc Lopez AP, WTA Rankings Novak Djokovic",1
"BNP Paribas Open, Martin Massiello",1
"MariSharapova’s, Roger Federer",1
"Bryan Bros Band, Novak Djokovic",1
"Djokovic, Monfils",1
"MonicPuig, Tennis Australia",1
"KarolinPliskova, USTA USTA",1
"FFT, Monte Carlo",1
"USTA, WTA Rankings Novak Djokovic",1
"Tennis Australia, Vasek Pospisil Roland Garros ATP UniteThePlayers",1
"Diego Schwartzman ATP, ITF",1
"Rafael Nadal Novak Djokovic, Spaniard Marc Lopez AP",1
"Kim Clijsters Novak Djokovic, Rafael Nadal",1
"Rod Laver, Rosie Casals",1
"Diego Schwartzman ATP, WTA Roland Garros USTA",1
"Bryan, Taylor Townsend",1
"Paul Annacone, Robert Lansdorp",1
"Ashleigh Barty, Spaniard Marc Lopez AP",1
"Billie Jean King, Carillo",1
"Clark Graebner, John McPhee",1
"Coco Vandeweghe, Mike Bryan",1
"BiancAndreescu, Serena",1
"FIT Grand Slams ATP, Novak Djokovic Novak Djokovic",1
"Grigor Dimitrov, Prakash Amritraj",1
"Agassi, Roger",1
"Candy, dad Corey",1
"Frances Tiafoe, Oracle",1
"Rafael Nadal, Viktor Troicki",1
"ATP, Puig",1
"Kristy Pigeon, Peaches Bartkowicz",1
"Courier, MartinNavratilova",1
"Rafa, Sampras",1
"Judy Tegart Dalton, Julie Heldman",1
"Gael Monfils, Grand Slam",1
"Dominic Thiem Novak Djokovic, MonicPuig",1
"Ivan Lendl, MonicSeles",1
"Federer, Stadium One",1
"KarolinPliskova, Spaniard Marc Lopez AP",1
"Kim Clijsters, Konta",1
"James Joyce, Tallulah Bankhead",1
"ITF WELLS, MonicPuig MonicPuig MonicPuig MonicPuig MonicPuig MonicPuig Puig",1
"BiancAndreescu, Roland Garros Bernard Giudicelli",1
"Bob, Davis Cup",1
"Puig Puig FFT, USTA.Dominic Thiem",1
"ATP, Steve Simon",1
"Ivan Lendl, Reagan",1
"Bjorn Borg, Famer John McEnroe",1
"MonicPuig, WTA",1
"Spaniard Marc Lopez AP, Vasek Pospisil Roland Garros ATP UniteThePlayers",1
"FFT ATP Laver Cup  Metz, Puig Puig FFT",1
"Nadal, Taylor Fritz 85th",1
"AP Rafael Nadal, Roger Federer",1
"Andy Roddick, Grigor Dimitrov",1
"Grand Slams, Monte Carlo",1
"Gauff, Kenin",1
"USTA USTA, WTA Roland Garros USTA",1
"Berrettini, Querrey",1
"ATP, Viktor Troicki",1
"2012.MonicPuig MonicPuig LNacion, FFT",1
"Kim Clijsters AP Kim Clijsters Garbine Muguruza, Robin Haase",1
"Dominic Thiem, Puig Puig",1
"Ashleigh Barty, WTA",1
"USTA.Dominic Thiem, WTA",1
"ITF WELLS, WTA Rankings Novak Djokovic",1
"Agassi, Sampras",1
"Kim Clijsters AP Kim Clijsters Garbine Muguruza, WTA Roland Garros USTA",1
"AP Rafael Nadal, ATP",1
"AP Rafael Nadal, Twitter ATP Player Council",1
"2012.MonicPuig MonicPuig LNacion, Twitter ATP Player Council",1
"MonicPuig MonicPuig MonicPuig MonicPuig MonicPuig MonicPuig Puig, WTA Rankings Novak Djokovic",1
"ATP, Vasek Pospisil Roland Garros ATP UniteThePlayers",1
"KarolinPliskova, Vasek Pospisil Roland Garros ATP UniteThePlayers",1
"MonicPuig MonicPuig MonicPuig MonicPuig MonicPuig MonicPuig Puig, Viktor Troicki",1
"Diego Schwartzman ATP, Kim Clijsters Novak Djokovic",1
"BiancAndreescu, FFT ATP Laver Cup  Metz",1
"Robin Haase, WTA Rankings Novak Djokovic",1
"Puig Puig FFT, Twitter ATP Player Council",1
"Bob Bryan, Bob Bryan’re",1
"ATP Roland Garros HABER WEIGHS ITF Naomi Osaka Diego Schwartzman, Spaniard Marc Lopez AP",1
"Andy Roddick, Paris Masters",1
"Twitter ATP Player Council, USTA",1
"Arthur Ashe, Clark Graebner",1
"ATP, Djokovic",1
"Jaqueline Cristian, Lyon",1
"Bruno Soares, Sam Querrey",1
"FIT Grand Slams ATP, WTA Rankings Novak Djokovic",1
"ATP Roland Garros HABER WEIGHS ITF Naomi Osaka Diego Schwartzman, Rafael Nadal Novak Djokovic",1
"BiancAndreescu, MonicPuig",1
"2012.MonicPuig MonicPuig LNacion, Roland Garros Bernard Giudicelli",1
"Barel Di, Tennis Channel",1
"Spaniard Marc Lopez AP, Twitter ATP Player Council",1
"BiancAndreescu, Puig",1
"AP Kim Clijsters, MonicPuig",1
"Ivan Lendl, Mats Wilander",1
"JohannKonta, Muguruza",1
"Maria, Prakash Amritraj",1
"Moviestar, Superior Sports Council",1
"Billie Jean King, MartinNavratilova",1
"AELTC, Viktor Troicki",1
"Andy Murray, MonicPuig",1
"Rafael Nadal Novak Djokovic, Twitter ATP Player Council",1
"ATP, Casper Ruud",1
"Fritz, Paul Annacone",1
"Jack Kramer, Wimbledon",1
"Ashleigh Barty, Kvitova",1
"Robin Haase, USTA",1
"Ashleigh Barty, Roland Garros Bernard Giudicelli",1
"Puig, USTA",1
"Puig Puig FFT, Rafael Nadal Novak Djokovic",1
"Nadal, Naomi Osaka",1
"ATP, Ferreira",1
"Novak Djokovic Novak Djokovic, Tennis Australia",1
"UTR, Van Uytvanck",1
"AP Rafael Nadal, ITF WELLS",1
"Garin, SANTIAGO",1
"Querrey, Querrey’d",1
"Fernando Gonzalez, Paris Masters",1
"BNP Paribas Open, Eisenhower Health",1
"Rafael Nadal, Roland Garros",1
"AP Kim Clijsters, Roger Federer",1
"FIT, MonicPuig MonicPuig MonicPuig MonicPuig MonicPuig MonicPuig Puig",1
"Jim Courier, Pete Sampras",1
"ElenVesnina^s, bob",1
"ATP, WTA Rankings Novak Djokovic",1
"Querrey^d, Querrey’d",1
"James, Lebron James",1
"Del Potro, Juan Martin del Potro",1
"Diego Schwartzman ATP, Dominic Thiem",1
"Andy Murray, Grigor Dimitrov",1
"Andy Roddick, Djokovic",1
"John McPhee, Levels of Game",1
"Federer and Nadal, Marin Cilic",1
"MariSharapova, MariSharapova^ll",1
"AELTC, Puig",1
"AP Rafael Nadal, FIT",1
"Novak Djokovic Novak Djokovic, Viktor Troicki",1
"ATP, Nicole Gibbs",1
"George Orwell, Tallulah Bankhead",1
"Novak Djokovic Novak Djokovic, Twitter ATP Player Council",1
"Keys, Mike Bryan",1
"AP Kim Clijsters, USTA.Dominic Thiem",1
"FFT, Spaniard Marc Lopez AP",1
"Naomi, Tennis Channel",1
"Steve, Toilet Paper Challenge",1
"Marin Cilic, Ramkumar Ramanathan",1
"1 Ashleigh Barty, Petra",1
"Billie Jean King, Michael Chang",1
"Dominic Thiem, Rafael Nadal Novak Djokovic",1
"AP Rafael Nadal, FFT ATP Laver Cup  Metz",1
"ITF, Rafael Nadal Novak Djokovic",1
"Novak, Sampras",1
"Isner, Tennis Channel^s",1
"ATP Tour, Fish",1
"ATP, Spaniard Marc Lopez AP",1
"2012.MonicPuig MonicPuig LNacion, Vasek Pospisil Roland Garros ATP UniteThePlayers",1
"Coronavirus, YaroslavShvedova",1
"Bobby Jr., Micaela",1
"Andre Agassi, Pete Sampras",1
"Alexander Zverev, Marin Cilic",1
"Nicole Gibbs, WTA",1
"Bob Bryan’d, Mike",1
"MariSharapova, Mark Cuban",1
"ATP Roland Garros HABER WEIGHS ITF Naomi Osaka Diego Schwartzman, WTA Roland Garros USTA",1
"Patrick Rafter, Todd Martin",1
"Novak Djokovic Novak Djokovic, Rafael Nadal Novak Djokovic",1
"Dominic Thiem, MonicPuig MonicPuig MonicPuig MonicPuig MonicPuig MonicPuig Puig",1
"Stan Wawrinka, World No. 1",1
"Dimitrov, Kwon",1
"FFT, Roger Federer",1
"Chris Evert, MartinNavratilova",1
"FIT, Rafael Nadal Novak Djokovic",1
"KarolinPliskova, WTA Roland Garros USTA",1
"MonicSeles, Patrick Rafter",1
"MariSharapova, n’t MariSharapova",1
"Puig Puig FFT, Roger Federer",1
"Dominic Thiem, Novak Djokovic",1
"David Agus, University of Southern California",1
"Augusta, David Beckham",1
"Bob, Jack Sock",1
"Carillo, Ivan Lendl",1
"2012.MonicPuig MonicPuig LNacion, Tennis Australia",1
"AELTC, Kim Clijsters AP Kim Clijsters Garbine Muguruza",1
"2012.MonicPuig MonicPuig LNacion, ATP Roland Garros HABER WEIGHS ITF Naomi Osaka Diego Schwartzman",1
"Ashleigh Barty, MonicPuig MonicPuig MonicPuig MonicPuig MonicPuig MonicPuig Puig",1
"Spaniard Marc Lopez AP, USTA.Dominic Thiem",1
"Centre Court, Gauff",1
"Jacmel, Naomi",1
"Dominic Thiem, Kim Clijsters Novak Djokovic",1
"Jurgen Melzer, Wimbledon",1
"AnastasiPavlyuchenkova, Sloane",1
"Carillo, MartinNavratilova",1
"Pete, Sampras",1
"FIT Grand Slams ATP, Roland Garros Bernard Giudicelli",1
"Bob Bryan, Bob Bryan Mike",1
"ATP Roland Garros HABER WEIGHS ITF Naomi Osaka Diego Schwartzman, Kim Clijsters Novak Djokovic",1
"Kenin, Van Uytvanck",1
"MonicPuig MonicPuig MonicPuig MonicPuig MonicPuig MonicPuig Puig, Tennis Australia",1
"BNP Paribas Open, Operating Officer",1
"KarolinPliskova, Novak Djokovic Novak Djokovic",1
"National Tennis League, Rosie Casals",1
"Judy Tegart Dalton, Peaches Bartkowicz",1
"Indian Wells, Oracle",1
"Italian Tennis Federation, KarolinPliskova",1
"MLB, NBA",1
"Auger-Aliassime, Fognini",1
"Goran Ivanisevic, Tracy Austin",1
"BiancAndreescu, FFT",1
"SerenWilliams, SimonHalep",1
"Forbes, SerenWilliams",1
"Ashleigh Barty, ITF",1
"Riske, Wimbledon",1
"Galbraith, USTA",1
"Heather Watson, Watson",1
"ITF WELLS, Spaniard Marc Lopez AP",1
"FIT, FIT Grand Slams ATP",1
"Roland Garros ATP Rankings, WTA Rankings Novak Djokovic",1
"Angelique Kerber, BiancAndreescu",1
"Paul Annacone, Tom Gullikson",1
"BiancAndreescu, MonicPuig MonicPuig MonicPuig MonicPuig MonicPuig MonicPuig Puig",1
"Dominic Thiem Novak Djokovic, WTA Roland Garros USTA",1
"Famer John McEnroe, Milos Raonic",1
"Japanese Government, Tokyo Metropolitan Government",1
"Lindsay Davenport, SerenWilliams",1
"Alexander Zverev, Grigor Dimitrov",1
"Jamie Loeb, Tennis",1
"Ashleigh Barty, FIT Grand Slams ATP",1
"DayanYastremska, SaschBajin",1
"FIT Grand Slams ATP, ITF WELLS",1
"Rafael Nadal Novak Djokovic, Tennis Australia",1
"Roger Federer, USTA.Dominic Thiem",1
"ATP Roland Garros HABER WEIGHS ITF Naomi Osaka Diego Schwartzman, Dominic Thiem Novak Djokovic",1
"Sampras, Sampras Era",1
"Ryan Harrison, Sam Querrey",1
"Roland Garros ATP Rankings, Roland Garros Bernard Giudicelli",1
"John Isner, Vasek Pospisil",1
"AELTC, Rafael Nadal Novak Djokovic",1
"Kim Clijsters Novak Djokovic, Roger Federer",1
"Roland Garros Bernard Giudicelli, WTA Roland Garros USTA",1
"FFT, Puig Puig",1
"AP, Roger Federer",1
"Mike, Slam",1
"Carillo, Michael Chang",1
"Italian Tennis Federation, Roland Garros ATP Rankings",1
"ATP Roland Garros HABER WEIGHS ITF Naomi Osaka Diego Schwartzman, Twitter ATP Player Council",1
"ATP, MLB",1
"AnastasiPavlyuchenkova, DonnVekic",1
"FIT, Puig Puig FFT",1
"Kim Clijsters, SerenWilliams",1
"FFT, USTA.Dominic Thiem",1
"SerenWilliams, SofiKenin",1
"John Isner, Kevin Anderson",1
"Alexis Ohanian, Bryan Bros Band",1
"Roland Garros ATP Rankings, USTA",1
"FIT, Rafael Nadal",1
"AP Rafael Nadal, Robin Haase",1
"Novak Djokovic, Sharapova",1
"Grigor Dimitrov, Nadal",1
"Tennis Channel, Vasek Pospisil",1
"Dominic Thiem, Vasek Pospisil Roland Garros ATP UniteThePlayers",1
"ATP Roland Garros HABER WEIGHS ITF Naomi Osaka Diego Schwartzman, Roger Federer",1
"FIT, Tennis Australia",1
"Spaniard Marc Lopez AP, WTA Roland Garros USTA",1
"Garin, Juan Ignácio Londero of",1
"FIT, Roland Garros Bernard Giudicelli",1
"Dominic Thiem Novak Djokovic, ITF",1
"Rafael Nadal, Tennis Australia",1
"Ohio State University, Southern Methodist University",1
"Federer, Moulton Moulton",1
"ITF, Puig Puig FFT",1
"Italian Tennis Federation, Vasek Pospisil Roland Garros ATP UniteThePlayers",1
"AELTC, Wimbledon",1
"Goran Ivanisevic, Patrick Rafter",1
"Bryan, MonicPuig",1
"WTA, WTA Rankings Novak Djokovic",1
"Eisenhower Health, University of Southern California",1
"2012.MonicPuig MonicPuig LNacion, ATP",1
"Casper Ruud, Thiago Seyboth Wild",1
"Mats Wilander, Stefan Edberg",1
"Bjorn Borg, Team World",1
"Ash Barty, SimonHalep",1
"Imperial Russia, Norman Brookes",1
"Jack Sock, Vasek Pospisil",1
"2012.MonicPuig MonicPuig LNacion, Kim Clijsters AP Kim Clijsters Garbine Muguruza",1
"Matteo, Matteo Berrettini",1
"Michael Chang, Patrick Rafter",1
"Gael Monfils, Grand Slams",1
"Clyde, Confessional Cart",1
"Jurgen Melzer, Kevin Anderson",1
"Felix Auger-Aliassime, Roger Federer",1
"Puig Puig, USTA.Dominic Thiem",1
"Roger, Sampras",1
"Novak Djokovic Novak Djokovic, Puig",1
"ATP Roland Garros HABER WEIGHS ITF Naomi Osaka Diego Schwartzman, Tennis Australia",1
"AELTC, MonicPuig",1
"MariSharapov2017, MariSharapova",1
"Italian Tennis Federation, WTA Roland Garros USTA",1
"Slam, Stan Wawrinka",1
"ITF WELLS, Italian Tennis Federation",1
"John Isner, Novak Djokovic",1
"Dominic Thiem, ITF",1
"ATP, PetrKvitova",1
"Danielle Collins, Oracle Challenge Series",1
"Doha, PetrKvitova",1
"David Nalbandian, Flushing Meadows",1
"Kim Clijsters AP Kim Clijsters Garbine Muguruza, USTA",1
"MonicPuig, USTA",1
"Hellllll, MariSharapova",1
"Bryan, Orlando Storm",1
"Haas, Nadal",1
"KarolinPliskova, Puig Puig",1
"MonicSeles, SerenWilliams",1
"AP Kim Clijsters, Puig",1
"Dominic Thiem Novak Djokovic, Rafael Nadal",1
"MLB, WTA",1
"Diego Schwartzman ATP, Kim Clijsters AP Kim Clijsters Garbine Muguruza",1
"Robin Haase, Tennis Australia",1
"Gael Monfils, Karen Khachanov",1
"FIT Grand Slams ATP, Tennis Australia",1
"FFT ATP Laver Cup  Metz, USTA USTA",1
"Grant Chen, SMU",1
"Billie Jean King, WTA",1
"Ken Rosewall, King",1
"AELTC, MonicPuig MonicPuig MonicPuig MonicPuig MonicPuig MonicPuig Puig",1
"Bruno Soares, Roger Federer",1
"Rafael Nadal Novak Djokovic, WTA Rankings Novak Djokovic",1
"Andy Murray, Juan Martin del Potro",1
"Clayton Kershaw, New Yorker",1
"ATP, Rafael Nadal Novak Djokovic",1
"Djokovic, Gael Monfils",1
"BiancAndreescu, FIT",1
"MonicPuig, Rafael Nadal",1
"AELTC, Vasek Pospisil Roland Garros ATP UniteThePlayers",1
"Kerry Melville Reid, Nancy Richey",1
"Garbine Muguruza, WTA",1
"Diego Schwartzman ATP, Dominic Thiem Novak Djokovic",1
"Kvitova, Sportsmanship Award",1
"Kristy Pigeon, Rosie Casals",1
"2012.MonicPuig MonicPuig LNacion, Viktor Troicki",1
"ITF WELLS, USTA USTA",1
"Bob, Mardy Fish",1
"ATP, USTA.Dominic Thiem",1
"Billie Jean King, Todd Martin",1
"Stan Wawrinka, Wimbledon",1
"Bob, Vegas Rollers",1
"WTA, Wells",1
"AP Rafael Nadal, Vasek Pospisil Roland Garros ATP UniteThePlayers",1
"King, National Tennis League",1
"King, Rosie Casals",1
"Roland Garros, WTA",1
"Fokin6-2, Garin",1
"ATP Roland Garros HABER WEIGHS ITF Naomi Osaka Diego Schwartzman, Kim Clijsters AP Kim Clijsters Garbine Muguruza",1
"AP Rafael Nadal, USTA",1
"Dominic Thiem, FIT",1
"Helen Wills, Suzanne Lenglen",1
"SofiKenin, SofiKenin’d",1
"Diego Schwartzman ATP, Robin Haase",1
"BiancAndreescu, Roger Federer",1
"MariSharapova, Taylor Townsend",1
"FIT, Roland Garros ATP Rankings",1
"FFT ATP Laver Cup  Metz, WTA Roland Garros USTA",1
"Courier, Mats Wilander",1
"Larry Ellison, Wimbledon",1
"Italian Tennis Federation, USTA USTA",1
"Anna-LenFriedsam, Kenin",1
"Kim Clijsters AP Kim Clijsters Garbine Muguruza, WTA Rankings Novak Djokovic",1
"Alexander Zverev, Karen Khachanov",1
"Novak Djokovic Novak Djokovic, USTA",1
"Sam Querrey, Taylor Townsend",1
"Puig Puig, WTA",1
"BiancAndreescu, Tennis Australia",1
"King, WTA",1
"ElinSvitolina, Jennifer Brady",1
"Novak Djokovic, WTA",1
"SerenWilliams, Steffi Graf",1
"Stan Wawrinka, too - Rafael Nadal",1
"ATP, Kim Clijsters AP Kim Clijsters Garbine Muguruza",1
"Puig, Puig Puig FFT",1
"Ashleigh Barty, Viktor Troicki",1
"Margaret Court, VirginiWade",1
"ATP Challenger Tour, ATP Tour",1
"Bryan, Ryan Harrison",1
"Twitter ATP Player Council, USTA.Dominic Thiem",1
"International Federations, International Federations for International Federations",1
"Novak Djokovic Novak Djokovic, Spaniard Marc Lopez AP",1
"AP, CHILE",1
"JohannKonta, SofiKenin",1
"Federer, Serena",1
"Tennis Center, USTA National Campus",1
"Roland Garros ATP Rankings, Tennis Australia",1
"Andy Roddick, David Ferrer",1
"Michael Chang, Tracy Austin",1
"Jack Sock, Wimbledon",1
"FIT Grand Slams ATP, Vasek Pospisil Roland Garros ATP UniteThePlayers",1
"DayanYastremska, ElenRybakina",1
"Peaches Bartkowicz, Rosie Casals",1
"John McEnroe, Michael Chang",1
"Diego Schwartzman ATP, Italian Tennis Federation",1
"BiancAndreescu, Wells",1
"Diego Schwartzman ATP, USTA",1
"ATP, InsideOut Sports & Entertainment",1
"John McEnroe, Patrick Rafter",1
"USTA USTA, Vasek Pospisil Roland Garros ATP UniteThePlayers",1
"BiancAndreescu, Puig Puig FFT",1
"ITF, KarolinPliskova",1
"Puig Puig FFT, Rafael Nadal",1
"FFT, KarolinPliskova",1
"Bruins, UCLA",1
"Billie Jean King, Rod Laver",1
"BNP Paribas Open, Tommy Haas",1
"Graf, Sanchez Vicario",1
"Feliciano Lopez, Tommy Haas",1
"Advanced Polymer Technology, U.S. Tennis Association",1
"Puig, WTA Roland Garros USTA",1
"AELTC, Roland Garros ATP Rankings",1
"2012.MonicPuig MonicPuig LNacion, AP Kim Clijsters",1
"Dimitrov, MariSharapova",1
"Ashleigh Barty, Vasek Pospisil Roland Garros ATP UniteThePlayers",1
"Kim Clijsters AP Kim Clijsters Garbine Muguruza, Viktor Troicki",1
"Robin Haase, WTA",1
"Peaches Bartkowicz, Valerie Ziegenfuss",1
"AP Rafael Nadal, Kim Clijsters Novak Djokovic",1
"Mike, Wimbledon",1
"Roger Federer, Uniqlo",1
"FIT Grand Slams ATP, USTA USTA",1
"Gregoire Barrere, Safwat first ATP",1
"MonicPuig, WTA Roland Garros USTA",1
"AP Kim Clijsters, Diego Schwartzman ATP",1
"ATP, Roland Garros Bernard Giudicelli",1
"FIT Grand Slams ATP, KarolinPliskova",1
"Alexis OlympiOhanian  Jr., Novak Djokovic",1
"AP Rafael Nadal, Rafael Nadal Novak Djokovic",1
"ATP Roland Garros HABER WEIGHS ITF Naomi Osaka Diego Schwartzman, USTA",1
"Djokovic, WTA",1
"Jurgen Melzer, Novak Djokovic",1
"Diego Schwartzman ATP, FFT ATP Laver Cup  Metz",1
"BiancAndreescu, Dominic Thiem Novak Djokovic",1
"Kristy Pigeon, Nancy Richey",1
"ITF WELLS, Robin Haase",1
"Twitter ATP Player Council, USTA USTA",1
"John McEnroe, Roger Federer",1
"Djokovic, Grigor Dimitrov",1
"BiancAndreescu, BiancAndreescu 2019",1
"ATP, Dominic Thiem Novak Djokovic",1
"AP, STORIESLYON",1
"Kim Clijsters, Rafael Nadal",1
"ATP, Twitter ATP Player Council",1
"Coco Gauff, FL",1
"ITF, Spaniard Marc Lopez AP",1
"2012.MonicPuig MonicPuig LNacion, Italian Tennis Federation",1
"Puig, Spaniard Marc Lopez AP",1
"Lyon, Monte Carlo",1
"Djokovic, Murray",1
"AP Kim Clijsters, ATP",1
"Andre Agassi, Jim Courier",1
"Puig Puig FFT, Vasek Pospisil Roland Garros ATP UniteThePlayers",1
"Ashleigh Barty, Roland Garros ATP Rankings",1
"AP Kim Clijsters, Italian Tennis Federation",1
"AP Kim Clijsters, Twitter ATP Player Council",1
"Boston Celtics^, Gordon Hayward",1
"BiancAndreescu, WTA",1
"Novak Djokovic, Tennis Channel",1
"Puig Puig, Rafael Nadal",1
"Ashleigh Barty, MonicPuig",1
"Dominic Thiem, Puig Puig FFT",1
"FIT Grand Slams ATP, Viktor Troicki",1
"Puig Puig FFT, Robin Haase",1
"Spaniard Marc Lopez AP, WTA",1
"Roger Federer, USTA USTA",1
"ATP, Aisam-ul-Haq Qureshi",1
"Clyde, Tennis Channel^s",1
"Italian Tennis Federation, Puig Puig",1
"Miami Dolphins, Serena",1
"Novak Djokovic Novak Djokovic, Roger Federer",1
"BarborStrycova, GabrielDabrowski",1
"AP Kim Clijsters, WTA",1
"Italian Tennis Federation, Novak Djokovic Novak Djokovic",1
"Chris Evert, Jimmy Evert",1
"Ashleigh Barty, ITF WELLS",1
"ATP, KarolinPliskova",1
"Jack Kramer, influenza",1
"Stadium One, Wimbledon",1
"Arthur Ashe, Jeff Borowiak",1
"Bruno Soares, Novak Djokovic",1
"Leylah Fernandez, Monterrey",1
"Dominic Thiem, USTA",1
"AP Kim Clijsters, Ashleigh Barty",1
"Tennis Australia, USTA USTA",1
"MonicPuig MonicPuig MonicPuig MonicPuig MonicPuig MonicPuig Puig, Puig",1
"MonicPuig MonicPuig MonicPuig MonicPuig MonicPuig MonicPuig Puig, Rafael Nadal Novak Djokovic",1
"CHILE, SANTIAGO",1
"ElinSvitolina, Marie Bouzkova",1
"Confessional Cart, Naomi Osaka",1
"BTR, Rubin",1
"Grand Slams, Roland Garros",1
"ATP, Olympic",1
"Al Laney, Covering Court",1
"Novak Djokovic, World No. 1",1
"Omni LCostResort & Spa, Team Bryan Brothers",1
"ITF WELLS, Roland Garros Bernard Giudicelli",1
"Grand Slams, Mandatory",1
"BiancAndreescu, WTA Roland Garros USTA",1
"BiancAndreescu, FIT Grand Slams ATP",1
"Fur, MariSharapova",1
"Kim Clijsters AP Kim Clijsters Garbine Muguruza, USTA.Dominic Thiem",1
"Carillo, MonicSeles",1
"Nadal, Nick Kyrgios",1
"Dominic Thiem, KarolinPliskova",1
"ITF, Watson",1
"ATP, MonicPuig",1
"FFT ATP Laver Cup  Metz, ITF",1
"BiancAndreescu, ITF WELLS",1
"FFT ATP Laver Cup  Metz, Roland Garros ATP Rankings",1
"Oracle, Southern Methodist University",1
"Diego Schwartzman ATP, Spaniard Marc Lopez AP",1
"Indian Summers for, MariSharapova",1
"Rafael Nadal, USTA USTA",1
"Roland Garros Bernard Giudicelli, USTA USTA",1
"Ashleigh Barty, Dominic Thiem",1
"Ashleigh Barty, Puig",1
"ITF WELLS, Kim Clijsters AP Kim Clijsters Garbine Muguruza",1
"Berrettini, Phoenix Challenger",1
"Tennis Award, University of North Carolina",1
"Mardy Fish, Sam Querrey",1
"FFT, Kim Clijsters Novak Djokovic",1
"Puig Puig FFT, WTA Roland Garros USTA",1
"Billie Jean King, Goran Ivanisevic",1
"Lillian Watson, Maud",1
"AP Kim Clijsters, USTA USTA",1
"Clyde, Naomi Osaka",1
"Milos Raonic, Querrey",1
"AP Kim Clijsters, Roland Garros ATP Rankings",1
"United Nations, Vijay Amritraj",1
"FFT, WTA Rankings Novak Djokovic",1
"Kim Clijsters Novak Djokovic, Vasek Pospisil Roland Garros ATP UniteThePlayers",1
"AELTC, ATP Roland Garros HABER WEIGHS ITF Naomi Osaka Diego Schwartzman",1
"Laver Cup, Roger Federer",1
"AP Rafael Nadal, USTA USTA",1
"JohannKonta, Wang Yafan",1
"FIT Grand Slams ATP, WTA Roland Garros USTA",1
"FFT, Novak Djokovic Novak Djokovic",1
"Courier, MonicSeles",1
"Dominic Thiem, MonicPuig",1
"Puig Puig FFT, USTA USTA",1
"Rafael Nadal, Taylor Fritz",1
"ATP, BiancAndreescu",1
"Kevin Anderson, Vasek Pospisil",1
"John McEnroe, Todd Martin",1
"Novak Djokovic, Rod Laver",1
"BNP Paribas Open, Itaú",1
"FIT Grand Slams ATP, Roland Garros ATP Rankings",1
"Mike Bryan, Sam Querrey",1
"FIT Grand Slams ATP, Puig Puig FFT",1
"Diego Schwartzman ATP, Novak Djokovic Novak Djokovic",1
"ATP, ITF WELLS",1
"Dominic Thiem, Kim Clijsters AP Kim Clijsters Garbine Muguruza",1
"Andy Roddick, Milos Raonic",1
"Grigor Dimitrov, Maria",1
"BiancAndreescu, Justin Trudeau",1
"BiancAndreescu, KarolinPliskova",1
"ATP Roland Garros HABER WEIGHS ITF Naomi Osaka Diego Schwartzman, WTA",1
"World No. 1, too - Rafael Nadal",1
"Reem Abulleil, Stephens",1
"ATP Roland Garros HABER WEIGHS ITF Naomi Osaka Diego Schwartzman, Roland Garros ATP Rankings",1
"Puig Puig, USTA USTA",1
"2012.MonicPuig MonicPuig LNacion, Roger Federer",1
"Rafael Nadal, USTA",1
"Capriati, Jimmy Evert",1
"2012.MonicPuig MonicPuig LNacion, Diego Schwartzman ATP",1
"Bianca, MariAndreescu",1
"MonicPuig MonicPuig MonicPuig MonicPuig MonicPuig MonicPuig Puig, USTA USTA",1
"ATP, NHL",1
"Julie Heldman, Rosie Casals",1
"Nike, Roger Federer^s",1
"AELTC, BiancAndreescu",1
"BiancAndreescu, Roland Garros ATP Rankings",1
"FFT ATP Laver Cup  Metz, ITF WELLS",1
"Dominic Thiem, Viktor Troicki",1
"Bob, Wimbledon",1
"Twitter ATP Player Council, WTA Roland Garros USTA",1
"Bjorn Borg, Wimbledon",1
"Sloane Stephens, Sloane Stephens Sloane Stephens Foundation",1
"KarolinPliskova, USTA.Dominic Thiem",1
"Kim Clijsters AP Kim Clijsters Garbine Muguruza, Puig",1
"ITF WELLS, Roger Federer",1
"Puig, Roland Garros ATP Rankings",1
"Puig Puig FFT, Viktor Troicki",1
"Sloane Stephens, Tennis Channel",1
"Tennis Australia, WTA Roland Garros USTA",1
"AP Rafael Nadal, Ashleigh Barty",1
"KarolinPliskova, Puig",1
"Anne White, WTA",1
"2012.MonicPuig MonicPuig LNacion, FFT ATP Laver Cup  Metz",1
"Mark Hurd, Oracle",1
"WTA, WTA Roland Garros USTA",1
"Taylor Fritz, Taylor Fritz’s",1
"International Federations for International Federations, Thomas Bach",1
"Puig, Tennis Australia",1
"Rafa, Roger",1
"ATP, Nebraska",1
"Italian Tennis Federation, MonicPuig MonicPuig MonicPuig MonicPuig MonicPuig MonicPuig Puig",1
"Justine Henin, Steffi Graf",1
"Bryan, Mardy Fish",1
"ATP Player Council, Vijay Amritraj",1
"Orlando Storm, Sam Querrey",1
"Spaniard Marc Lopez AP, Tennis Australia",1
"Daniil Medvedev PlayStation, Medvedev",1
"AP Rafael Nadal, Roland Garros ATP Rankings",1
"Diego Schwartzman ATP, Twitter ATP Player Council",1
"ATP, FFT",1
"Daniil Medvedev, Daniil Medvedev PlayStation",1
"ATP, Tournament",1
"ATP, Dominic Thiem",1
"Graf, Key Biscayne",1
"Glasgow, Nadal",1
"Brit, Kim Clijsters",1
"Gladys Heldman, VirginiSlims Invitational",1
"Novak Djokovic Novak Djokovic, Roland Garros ATP Rankings",1
"Not Gauff, dad Corey",1
"John McEnroe, Novak Djokovic",1
"ITF WELLS, Kim Clijsters Novak Djokovic",1
"Coca-Cola, Visa",1
"Bob Bryan’re, Mike",1
"Mike Bryan, MonicPuig",1
"Vasek Pospisil, Wimbledon",1
"Bjorn Borg, Vitas",1
"AP Kim Clijsters, MonicPuig MonicPuig MonicPuig MonicPuig MonicPuig MonicPuig Puig",1
"Dominic Thiem Novak Djokovic, ITF WELLS",1
"BiancAndreescu, Lindsay Davenport",1
"ATP Roland Garros HABER WEIGHS ITF Naomi Osaka Diego Schwartzman, Dominic Thiem",1
"Ivan Lendl, Michael Chang",1
"David Ferrer, Djokovic",1
"Rafael Nadal, USTA.Dominic Thiem",1
"David Agus, Martin Massiello",1
"ElinSvitolina, RebeccPeterson",1
"Novak Djokovic, Novak Djokovic^s",1
"RenatZarazua, Sloane Stephens",1
"Twitter ATP Player Council, WTA",1
"MonicPuig, Twitter ATP Player Council",1
"Alex De Minaur, Vasek Pospisil",1
"Novak Djokovic, Wimbledon",1
"Diego Schwartzman ATP, ITF WELLS",1
"Bernard Tomic, Malek Jaziri",1
"ATP Roland Garros HABER WEIGHS ITF Naomi Osaka Diego Schwartzman, Viktor Troicki",1
"Puig Puig FFT, USTA",1
"Kim Clijsters Novak Djokovic, Roland Garros Bernard Giudicelli",1
"Goran Ivanisevic, John McEnroe",1
"BiancAndreescu, Viktor Troicki",1
"FFT, Mandatory",1
"Billie Jean King, Tracy Austin",1
"French Tennis Federation, Laver Cup",1
"Bruneau, Nicu",1
"MonicPuig MonicPuig MonicPuig MonicPuig MonicPuig MonicPuig Puig, Roland Garros ATP Rankings",1
"Grand Slam, WTA Tour",1
"ATP Roland Garros HABER WEIGHS ITF Naomi Osaka Diego Schwartzman, FIT",1
"Coco, Maria",1
"Clijsters-Davenport, Kim",1
"Dominic Thiem, Novak Djokovic Novak Djokovic",1
"WTA, Wang Xiyu",1
"Puig Puig, Roland Garros Bernard Giudicelli",1
"Team Bryan Brothers, World TeamTennis Celebrity All-Star Match",1
"Angelique Kerber, SimonHalep",1
"Alex De Minaur, Roberto BautistAgut",1
"IOC, International Federations",1
"MonicPuig MonicPuig MonicPuig MonicPuig MonicPuig MonicPuig Puig, Rafael Nadal",1
"AELTC, Ashleigh Barty",1
"Barel Di Sant Albano, Tennis Channel",1
"ATP Tour, Roland Garros",1
"InsideOut Sports & Entertainment, Jim Courier",1
"Wimbledon, Yen-Hsun Lu",1
"David Agus, Eisenhower Health",1
"ITF WELLS, Puig",1
"Judy Tegart Dalton, Rosie Casals",1
"Kim, Wimbledon",1
"Bild, Stuttgart Sports Minister^s",1
"AP Kim Clijsters, Puig Puig",1
"Coco Gauff, Garbine Muguruza",1
"Angelique Kerber, Wells",1
"FIT Grand Slams ATP, Spaniard Marc Lopez AP",1
"Puig, USTA.Dominic Thiem",1
"AP Kim Clijsters, FFT ATP Laver Cup  Metz",1
"Ashleigh Barty, Robin Haase",1
"Andy Murray, Andy Roddick",1
"SimonHalep, SimonHalep 2015",1
"David Ferrer, Grigor Dimitrov",1
"National Team, Soccer",1
"Capriati, Wimbledon",1
"ESPN, Tony Kornheiser",1
"Courier, Tracy Austin",1
"Davis Cup, Wimbledon",1
"FIT, WTA Roland Garros USTA",1
"AP Rafael Nadal, Kim Clijsters AP Kim Clijsters Garbine Muguruza",1
"Bjorn Borg, Stefan Edberg",1
"Barel Di, Barel Di Sant Albano",1
"Diego Schwartzman ATP, Puig",1
"Roddick, Tennis Channel Live",1
"Diego Schwartzman ATP, Roland Garros Bernard Giudicelli",1
"John McEnroe, Stefan Edberg",1
"Rafael Nadal Novak Djokovic, Roland Garros Bernard Giudicelli",1
"Ohio State University, USTA National Campus",1
"Naomi Osaka, SofiKenin",1
"Dominic Thiem, Roger Federer",1
"John Naisbitt, Megatrends",1
"Rafael Nadal Novak Djokovic, WTA Roland Garros USTA",1
"AELTC, FFT ATP Laver Cup  Metz",1
"Phoenix Challenger, Querrey",1
"AELTC, ITF WELLS",1
"2012.MonicPuig MonicPuig LNacion, Novak Djokovic Novak Djokovic",1
"AP Kim Clijsters, ITF",1
"Kim Clijsters Novak Djokovic, Spaniard Marc Lopez AP",1
"Games, International Olympic Committee",1
"BiancAndreescu, Clayton Kershaw",1
"Kim Clijsters AP Kim Clijsters Garbine Muguruza, Tennis Australia",1
"Ashleigh Barty, Rafael Nadal Novak Djokovic",1
"Linz, WTA",1
"KarolinPliskova, Viktor Troicki",1
"Italian Tennis Federation, USTA",1
"Andy Murray, Marin Cilic",1
"Diego Schwartzman ATP, FIT Grand Slams ATP",1
"ElinSvitolina, Fernandez",1
"Al Laney, International Tennis Hall of Fame",1
"ATP, Lyon",1
"2012.MonicPuig MonicPuig LNacion, WTA",1
"Kim Clijsters Novak Djokovic, WTA Roland Garros USTA",1
"FIT Grand Slams ATP, MonicPuig",1
"Daniil Medvedev, Racquet",1
"Diego Schwartzman ATP, Rafael Nadal Novak Djokovic",1
"Dominic Thiem Novak Djokovic, Italian Tennis Federation",1
"Agassi, Pete",1
"Sam Querrey, Wimbledon",1
"Andy Murray, Nadal",1
"Stefanos Tsitsipas, Vitas Gerulaitis",1
"MonicPuig MonicPuig MonicPuig MonicPuig MonicPuig MonicPuig Puig, Spaniard Marc Lopez AP",1
"ATP Roland Garros HABER WEIGHS ITF Naomi Osaka Diego Schwartzman, ITF WELLS",1
"Jennifer Capriati, MonicSeles",1
"ATP, MonicPuig MonicPuig MonicPuig MonicPuig MonicPuig MonicPuig Puig",1
"NBA, WTA",1
"Federer, Roddick",1
"Balearic Islands’ Regional Ministry of Health, Superior Sports Council",1
"FFT ATP Laver Cup  Metz, Roland Garros Bernard Giudicelli",1
"FIT Grand Slams ATP, MonicPuig MonicPuig MonicPuig MonicPuig MonicPuig MonicPuig Puig",1
"MartinNavratilova, Tracy Austin",1
"ATP Roland Garros HABER WEIGHS ITF Naomi Osaka Diego Schwartzman, WTA Rankings Novak Djokovic",1
"AP Rafael Nadal, Novak Djokovic Novak Djokovic",1
"Puig Puig FFT, WTA",1
"Baltzell  Brookes, Brookes",1
"2012.MonicPuig MonicPuig LNacion, AELTC",1
"Bruno Soares, Rafael Nadal",1
"Ashleigh Barty, Italian Tennis Federation",1
"Juan Martin del Potro, Malek Jaziri",1
"ITF, USTA USTA",1
"FIT Grand Slams ATP, Robin Haase",1
"FFT ATP Laver Cup  Metz, KarolinPliskova",1
"Kevin Anderson, Yen-Hsun Lu",1
"Cliff Drysdale’s, Tennis Camps",1
"FIT, Puig",1
"Kim Clijsters AP Kim Clijsters Garbine Muguruza, Roland Garros ATP Rankings",1
"Bala, MariSharapova",1
"Andy Roddick, Marin Cilic",1
"AELTC, Puig Puig FFT",1
"BiancAndreescu, Vasek Pospisil Roland Garros ATP UniteThePlayers",1
"Patrick Rafter, Tracy Austin",1
"Ashleigh Barty, Tennis Australia",1
"Japanese Government, Tokyo 2020 Organising Committee",1
"Kim Clijsters AP Kim Clijsters Garbine Muguruza, Rafael Nadal Novak Djokovic",1
"James, James long ago",1
"Kim Clijsters Novak Djokovic, Novak Djokovic Novak Djokovic",1
"Judy Tegart Dalton, Kerry Melville Reid",1
"BiancAndreescu, Rafael Nadal Novak Djokovic",1
"Bryan, Coco Vandeweghe",1
"IOC, International Federations for International Federations",1
"ATP Tour, countrywoman Ons Jabeur",1
"Stefanos Tsitsipas, Tommy Haas",1
"Jurgen Melzer, Vasek Pospisil",1
"ITF WELLS, Roland Garros ATP Rankings",1
"BNP Paribas Open, UPDATE",1
"Angelique Kerber, ElenVesnina^s",1
"Roger Federer, Roland Garros Bernard Giudicelli",1
"2012.MonicPuig MonicPuig LNacion, Robin Haase",1
"Roberto BautistAgut, Vasek Pospisil",1
"BiancAndreescu, Mandatory",1
"Coco Gauff, Linz",1
"MonicPuig MonicPuig MonicPuig MonicPuig MonicPuig MonicPuig Puig, Novak Djokovic Novak Djokovic",1
"Gauff, Venus Williams",1
"Balearic Islands’ Regional Ministry of Health, RafNadal Academy",1
"Andy Roddick, Federer and Nadal",1
"Dominic Thiem, WTA Roland Garros USTA",1
"Leylah Fernandez, Naomi Osaka",1
"Gregoire Barrere, Safwat",1
"Bob, Richard",1
"AELTC, Puig Puig",1
"Aisam-ul-Haq Qureshi, Novak Djokovic",1
"Kim Clijsters Novak Djokovic, Viktor Troicki",1
"Bob, MonicPuig",1
"Naomi Osaka, SerenWilliams",1
"Roland Garros ATP Rankings, USTA USTA",1
"Alexander Zverev, Gael Monfils",1
"Brit, Dan Evans",1
"Cinderella, Leylah Fernandez",1
"Billie Jean King, John McEnroe",1
"Chris Evert, Rick Macci",1
"Bobby Jr., Michelle",1
"SvetlanKuznetsova, Venus Williams",1
"Roland Garros Bernard Giudicelli, USTA",1
"ATP, USTA USTA",1
"Ashleigh Barty, USTA USTA",1
"GabrielDabrowski, Hsieh Su-wei",1
"Kim Clijsters AP Kim Clijsters Garbine Muguruza, Twitter ATP Player Council",1
"ATP Roland Garros HABER WEIGHS ITF Naomi Osaka Diego Schwartzman, Diego Schwartzman ATP",1
"ATP Challenger, ATP Challengers",1
"Stephens, WTA Player Council",1
"Jurgen Melzer, Roger Federer",1
"Globe and Mail, Grigore",1
"AP Kim Clijsters, Tennis Australia",1
"Novak Djokovic Novak Djokovic, Robin Haase",1
"Sloane Stephens, Vasek Pospisil",1
"Roger Federer, WTA Rankings Novak Djokovic",1
"FIT, WTA Rankings Novak Djokovic",1
"ATP, Novak Djokovic Novak Djokovic",1
"Djokovic, Lleyton Hewitt",1
"ITF WELLS, KarolinPliskova",1
"ElinSvitolina, World No. 7",1
"Bruno Soares, Yen-Hsun Lu",1
"ATP, FIT Grand Slams ATP",1
"Billie Jean, MariBueno",1
"Rafael Nadal, WTA Roland Garros USTA",1
"Eisenhower Health, Operating Officer",1
"Nicolas Kicker, Sam Querrey",1
"FFT ATP Laver Cup  Metz, Italian Tennis Federation",1
"Dominic Thiem, USTA USTA",1
"Player Council, Stephens",1
"Taylor Townsend, WTA Tour",1
"Orange County Breakers, WTT",1
"Grigor Dimitrov, Stan Wawrinka",1
"Micaela, Michelle",1
"John Feinstein’s, World Tennis",1
"ITF, Robin Haase",1
"ATP Tour, Felix Auger-Aliassime",1
"ElinSvitolina, Jo Konta",1
"Ashleigh Barty, Roger Federer",1
"USTA.Dominic Thiem, WTA Roland Garros USTA",1
"Italian Tennis Federation, WTA Rankings Novak Djokovic",1
"Andreescu, Globe and Mail",1
"Kim Clijsters AP Kim Clijsters Garbine Muguruza, Rafael Nadal",1
"Frances Tiafoe, Indian Wells",1
"AP Kim Clijsters, Viktor Troicki",1
"AnastasiPotapova, JohannKonta",1
"Mark Knowles, Steve",1
"Doha, Novak Djokovic",1
"Kim Clijsters AP Kim Clijsters Garbine Muguruza, Roland Garros Bernard Giudicelli",1
"Julie Heldman, Valerie Ziegenfuss",1
"AP Rafael Nadal, Italian Tennis Federation",1
"Eisenhower Health, Martin Massiello",1
"Rafael Nadal, Roland Garros Bernard Giudicelli",1
"FIT, USTA.Dominic Thiem",1
"John McEnroe, MartinNavratilova",1
"ITF, Vasek Pospisil Roland Garros ATP UniteThePlayers",1
"Kerry Melville Reid, Kristy Pigeon",1
"Kim Clijsters Novak Djokovic, Tennis Australia",1
"Rod Laver, SerenWilliams",1
"AELTC, FIT Grand Slams ATP",1
"Malek Jaziri, YaroslavShvedova",1
"PetrKvitova, SimonHalep",1
"Juan Martin del Potro, Milos Raonic",1
"Alexis Ohanian, Novak Djokovic",1
"Stephens, WTA",1
"Italian Tennis Federation, Rafael Nadal Novak Djokovic",1
"AndreGaudenzi, Steve Simon",1
"ESPN, Michael Wilbon",1
"Garbine Muguruza, SofiKenin",1
"Mike Bryan, Orlando Storm",1
"Dominic Thiem Novak Djokovic, Spaniard Marc Lopez AP",1
"Jeremy Chardy, Stefanos Tsitsipas",1
"FFT ATP Laver Cup  Metz, Viktor Troicki",1
"Puig, Vasek Pospisil Roland Garros ATP UniteThePlayers",1
"2012.MonicPuig MonicPuig LNacion, Puig Puig",1
"Arsenal, David Beckham",1
"Bob Bryan, Bob Bryan’d",1
"Casper Ruud, Thiago Seyboth",1
"FFT ATP Laver Cup  Metz, USTA.Dominic Thiem",1
"Coco Gauff, WTA",1
"Danielle Collins, Taylor Fritz",1
"AP Kim Clijsters, WTA Roland Garros USTA",1
"FFT, Italian Tennis Federation",1
"Diego Schwartzman ATP, MonicPuig MonicPuig MonicPuig MonicPuig MonicPuig MonicPuig Puig",1
"FIT, ITF",1
"Rafael Nadal, Robin Haase",1
"Puig, Roger Federer",1
"Taylor Townsend, Team Bryan Brothers",1
"2012.MonicPuig MonicPuig LNacion, USTA",1
"Vasek Pospisil Roland Garros ATP UniteThePlayers, Viktor Troicki",1
"ATP, Grand Slam",1
"ITF, WTA Roland Garros USTA",1
"BNP Paribas Open, Monte Carlo",1
"104th, SofiKenin",1
"Stan WawrinkaStan Wawrinka, Zverev",1
"Bob, Orlando Storm",1
"ATP, Kim Clijsters Novak Djokovic",1
"David Agus, Operating Officer",1
"SerenWilliams, Venus Williams",1
"AndreGaudenzi, WTA",1
"Berrettini, Milos Raonic",1
"Operating Officer, University of Southern California",1
"Fokin6-2, SANTIAGO",1
"Wang Xiyu, Watson",1
"AP Rafael Nadal, ATP Roland Garros HABER WEIGHS ITF Naomi Osaka Diego Schwartzman",1
"NBC, Wimbledon",1
"Billie Jean King, Mats Wilander",1
"Roland Garros Bernard Giudicelli, Spaniard Marc Lopez AP",1
"ATP, UCLA",1
"JohannKonta, Kim Clijsters^s",1
"ATP, Puig Puig FFT",1
"Borfiga, Tom Tebbutt",1
"BiancAndreescu, Kim Clijsters AP Kim Clijsters Garbine Muguruza",1
"Michelle, Richard",1
"2012.MonicPuig MonicPuig LNacion, WTA Rankings Novak Djokovic",1
"Caroline Wozniacki, Slam",1
"Stephens, Wimbledon",1
"Rafael Nadal Novak Djokovic, Roland Garros ATP Rankings",1
"UN, Vijay Amritraj",1
"Corey, dad Corey",1
"Mandatory, Roland Garros",1
"MonicPuig MonicPuig MonicPuig MonicPuig MonicPuig MonicPuig Puig, Roland Garros Bernard Giudicelli",1
"WTA, WTA Tour",1
"Robin Haase, Viktor Troicki",1
"WTA, World No. 7",1
"Stefan Edberg, Todd Martin",1
"Prakash Amritraj, Tennis Channel^s",1
"Denis Shapovalov, Marin Cilic",1
"Dominic Thiem Novak Djokovic, USTA",1
"Roland Garros Bernard Giudicelli, Twitter ATP Player Council",1
"JohannKonta, Sloane",1
"Djokovic, Goran Ivanisevic",1
"ITF WELLS, Puig Puig",1
"International Federations, Thomas Bach",1
"Kristy Pigeon, Valerie Ziegenfuss",1
"FIT Grand Slams ATP, USTA.Dominic Thiem",1
"Ken Rosewall, Rosie Casals",1
"ATP, WTA Roland Garros USTA",1
"AP Rafael Nadal, Puig",1
"Dominic Thiem, Italian Tennis Federation",1
"DariKasatkina, SimonHalep",1
"Viktor Troicki, WTA",1
"ATP Roland Garros HABER WEIGHS ITF Naomi Osaka Diego Schwartzman, Vasek Pospisil Roland Garros ATP UniteThePlayers",1
"Puig Puig, Rafael Nadal Novak Djokovic",1
"FFT ATP Laver Cup  Metz, Vasek Pospisil Roland Garros ATP UniteThePlayers",1
"Billie Jean King, Stefan Edberg",1
"Jacmel, Tennis Channel",1
"Rafael, Stefanos Tsitsipas",1
"Angelique Kerber, SvetlanKuznetsova",1
"Rafael Nadal Novak Djokovic, USTA.Dominic Thiem",1
"FIT Grand Slams ATP, Rafael Nadal Novak Djokovic",1
"Leylah Fernandez, SofiKenin",1
"Grand Slam, WTA",1
"Doha, Rafael Nadal",1
"Capriati, Slam",1
"Dominic Thiem, WTA",1
"Grigor Dimitrov, MariSharapova",1
"Jonas Bjorkman, Max Mirnyi",1
"Monte Carlo Country Club, Nadal",1
"Michael Wilbon, Tony Kornheiser",1
"David Ferrer, Juan Martin del Potro",1
"John Feinstein’s, Vijay Amritraj’s",1
"Vasek Pospisil, Yen-Hsun Lu",1
"Bob, Coco Vandeweghe",1
"ATP, Daniil Medvedev",1
"Team Europe, Team World",1
"Dominic Thiem Novak Djokovic, WTA",1
"Vijay Amritraj’s, World Tennis",1
"Dominic Thiem, Twitter ATP Player Council",1
"Sam Querrey, Yen-Hsun Lu",1
"Puig, USTA USTA",1
"Roger Federer, WTA Roland Garros USTA",1
"Sloane Stephens, WTA",1
"WWI, WWII",1
"Bryan, Vegas Rollers",1
"Grigor Dimitrov, Marin Cilic",1
"Lyon, WTA",1
"FIT Grand Slams ATP, Puig",1
"ElinSvitolina, SofiKenin",1
"MartinNavratilova, Wimbledon",1
"Cilic, Denis Shapovalov",1
"Bob, Madison Keys",1
"John Isner, rang",1
"Italian Tennis Federation, Viktor Troicki",1
"ATP Roland Garros HABER WEIGHS ITF Naomi Osaka Diego Schwartzman, Ashleigh Barty",1
"Grand Slams, Roger",1
"Rafael Nadal Novak Djokovic, Robin Haase",1
"David Goffin, Monte Carlo",1
"ElenRybakina, JelenOstapenko",1
"Federer and Nadal, Milos Raonic",1
"Kenin, Lyon",1
"Marin Cilic, Milos Raonic",1
"Alexander Zverev, Andy Murray",1
"Rio Olympics, Sam Querrey",1
"KarolinPliskova, Roger Federer",1
"Mike Bryan, WTT",1
"ATP Roland Garros HABER WEIGHS ITF Naomi Osaka Diego Schwartzman, USTA USTA",1
"WTA Rankings Novak Djokovic, WTA Roland Garros USTA",1
"Diego Schwartzman ATP, Puig Puig FFT",1
"JohannKonta, Madison Keys",1
"MonicPuig MonicPuig MonicPuig MonicPuig MonicPuig MonicPuig Puig, Puig Puig FFT",1
"Puig, Puig Puig",1
"Kiki Bertens, SofiKenin",1
"MonicPuig, Roger Federer",1
"ATP Roland Garros HABER WEIGHS ITF Naomi Osaka Diego Schwartzman, MonicPuig MonicPuig MonicPuig MonicPuig MonicPuig MonicPuig Puig",1
"ITF, Twitter ATP Player Council",1
"Fabio Fognini, Felix Auger-Aliassime",1
"MonicPuig MonicPuig MonicPuig MonicPuig MonicPuig MonicPuig Puig, USTA.Dominic Thiem",1
"Diego Schwartzman ATP, Roger Federer",1
"AP Rafael Nadal, Roland Garros Bernard Giudicelli",1
"International Tennis Hall of Fame, Suzanne Lenglen",1
"Borowiak, Dick Stockton",1
"ATP, United Nations",1
"Reilly Opelka, Taylor Fritz",1
"KarolinPliskova, Tennis Australia",1
"AELTC, Italian Tennis Federation",1
"Roger Federer, Yen-Hsun Lu",1
"FFT, Tennis Australia",1
"COURT, helllit",1
"AnastasiPavlyuchenkova, Madison Keys",1
"Bob Kramer, UCLA",1
"Rafael Nadal, Wimbledon",1
"Italian Tennis Federation, Kim Clijsters AP Kim Clijsters Garbine Muguruza",1
"AP Kim Clijsters, Rafael Nadal Novak Djokovic",1
"Alexander Zverev, John Isner",1
"MonicPuig MonicPuig MonicPuig MonicPuig MonicPuig MonicPuig Puig, USTA",1
"2012.MonicPuig MonicPuig LNacion, Ashleigh Barty",1
"Carillo, Todd Martin",1
"MonicPuig, Sam Querrey",1
"Italian Tennis Federation, Robin Haase",1
"ITF, MonicPuig MonicPuig MonicPuig MonicPuig MonicPuig MonicPuig Puig",1
"Tokyo 2020 Organising Committee, Tokyo Metropolitan Government",1
"Federer, Stephane Robert",1
"AP Kim Clijsters, WTA Rankings Novak Djokovic",1
"Alexis OlympiOhanian  Jr., Bryan Bros Band",1
"Rafael Nadal Novak Djokovic, USTA USTA",1
"Rafael Nadal Novak Djokovic, Roger Federer",1
"Spaniard Roberto, Thiago Monteiro",1
"FIT, ITF WELLS",1
"ITF WELLS, MonicPuig",1
"FFT, FIT Grand Slams ATP",1
"Guardian, Yannick Maden",1
"MonicPuig, Viktor Troicki",1
"ATP, Robin Haase",1
"Andy Murray, Roger Federer",1
"Palm Beach AtlantPacific University, Pato",1
"John McEnroe, Sam Querrey",1
"ElinSvitolina, Leylah Fernandez",1
"Novak Djokovic Novak Djokovic, Roland Garros Bernard Giudicelli",1
"Puig Puig FFT, WTA Rankings Novak Djokovic",1
"Ashleigh Barty, Novak Djokovic Novak Djokovic",1
"Borg, Steve",1
"Ashleigh Barty, Twitter ATP Player Council",1
"BiancAndreescu, Dominic Thiem",1
"FFT ATP Laver Cup  Metz, WTA Rankings Novak Djokovic",1
"Norman Mailer, Tennis Magazine",1
"Bob, Wayne",1
"ATP, Player Council",1
"2012.MonicPuig MonicPuig LNacion, ITF WELLS",1
"Andre Agassi, Boris Becker",1
"Guy Forget, L^Equipe",1
"BiancAndreescu, New Yorker",1
"Aisam-ul-Haq Qureshi, Felix Auger-Aliassime",1
"Novak Djokovic Novak Djokovic, USTA USTA",1
"ITF WELLS, USTA.Dominic Thiem",1
"FFT, MonicPuig MonicPuig MonicPuig MonicPuig MonicPuig MonicPuig Puig",1
"Brit, Stefanos Tsitsipas",1
"2012.MonicPuig MonicPuig LNacion, AP Rafael Nadal",1
"Augusta, Inter-Miami MLS",1
"MariSharapova, MariSharapovslam-bang",1
"BiancAndreescu, Diego Schwartzman ATP",1
"Grigor Dimitrov, Juan Martin del Potro",1
"USTA.Dominic Thiem, Vasek Pospisil Roland Garros ATP UniteThePlayers",1
"Mats Wilander, Todd Martin",1
"ITF, Roger Federer",1
"Italian Tennis Federation, Tennis Australia",1
"AnastasiPavlyuchenkova, SofiKenin",1
"Doha, WTA",1
"Diego Schwartzman ATP, Puig Puig",1
"Garbine Muguruza, JohannKonta",1
"ATP, Roland Garros",1
"AELTC, WTA Roland Garros USTA",1
"Covering Court, Helen Wills",1
"FIT, USTA USTA",1
"Milos Raonic, Phoenix Challenger",1
"MonicSeles, Tracy Austin",1
"AP Rafael Nadal, Rafael Nadal",1
"ITF, Italian Tennis Federation",1
"PetrKvitova, Rafael Nadal",1
"Puig Puig, Vasek Pospisil Roland Garros ATP UniteThePlayers",1
"AP Rafael Nadal, MonicPuig MonicPuig MonicPuig MonicPuig MonicPuig MonicPuig Puig",1
"Billy Martin, UCLA",1
"Arthur Ashe, John McPhee",1
"FIT, Puig Puig",1
"All England Club, Venus Williams",1
"ATP, Doha",1
"AP Rafael Nadal, Viktor Troicki",1
"Advanced Polymer Technology, Billie Jean King National Tennis Center",1
"Diego Schwartzman ATP, USTA.Dominic Thiem",1
"Tennis Australia, Viktor Troicki",1
"FIT, Viktor Troicki",1
"AELTC, Kim Clijsters Novak Djokovic",1
"Kim Clijsters AP Kim Clijsters Garbine Muguruza, Roger Federer",1
"Kevin Anderson, Sam Querrey",1
"Kenin, UTR",1
"Barty, Jennifer Brady",1
"Courier, Goran Ivanisevic",1
"Novak Djokovic Novak Djokovic, Puig Puig",1
"ITF WELLS, Twitter ATP Player Council",1
"Novak Djokovic Novak Djokovic, Vasek Pospisil Roland Garros ATP UniteThePlayers",1
"Dominic Thiem Novak Djokovic, Rafael Nadal Novak Djokovic",1
"BNP Paribas Open, David Agus",1
"DariKasatkina, WTA",1
"John Isner, Roger Federer",1
"Grigor Dimitrov, Kwon",1
"AP Kim Clijsters, FIT Grand Slams ATP",1
"Michael Chang, Todd Martin",1
"Caroline Garcia, SofiKenin",1
"Steve, kinda",1
"AELTC, USTA USTA",1
"Courier, Patrick Rafter",1
"Facebook, Malek Jaziri",1
"AP Rafael Nadal, USTA.Dominic Thiem",1
"Linz, Wimbledon",1
"Viktor Troicki, WTA Rankings Novak Djokovic",1
"MonicPuig, Puig",1
"Puig Puig FFT, Spaniard Marc Lopez AP",1
"ATP, Bob Kramer",1
"Venus Williams, Wimbledon",1
"Centre Court, influenza",1
"Rafael Nadal, Vasek Pospisil",1
"Grand Slam, Novak Djokovic",1
"Safwat, Safwat first ATP",1
"Mike Bryan, Vegas Rollers",1
"FIT, Robin Haase",1
"Puig Puig, Puig Puig FFT",1
"Alison Riske, Riske",1
"Justine Henin, MonicSeles",1
"Italian Tennis Federation, Puig",1
"Goran Ivanisevic, MartinNavratilova",1
"Dominic Thiem, USTA.Dominic Thiem",1
"Dominic Thiem Novak Djokovic, Roger Federer",1
"Sam Querrey, Vasek Pospisil",1
"FIT, Kim Clijsters AP Kim Clijsters Garbine Muguruza",1
"Flushing Meadows, Juan Carlos Ferrero",1
"Coca-Cola, Deloitte",1
"BarbarRittner, Coco Gauff",1
"Spaniard Marc Lopez AP, USTA",1
"Barcelona, Lyon",1
"ATP, ATP Roland Garros HABER WEIGHS ITF Naomi Osaka Diego Schwartzman",1
"Italian Tennis Federation, Twitter ATP Player Council",1
"AELTC, WTA Rankings Novak Djokovic",1
"Garbine Muguruza, Wells",1
"AP Kim Clijsters, BiancAndreescu",1
"Carillo, Stefan Edberg",1
"Imperial Russia, Wilding",1
"David Nalbandian, Juan Carlos Ferrero",1
"FFT, ITF WELLS",1
"Thiago Seyboth, Thiago Seyboth Wild",1
"Jaqueline Cristian, Oceane Dodin",1
"Taylor Fritz, Taylor Fritz 85th",1
"AP Kim Clijsters, ATP Roland Garros HABER WEIGHS ITF Naomi Osaka Diego Schwartzman",1
"FIT Grand Slams ATP, Italian Tennis Federation",1
"Matteo Berrettini, Querrey",1
"FFT, FIT",1
"John Isner, Yen-Hsun Lu",1
"SimonHalep, Zverev",1
"Kim Clijsters Novak Djokovic, WTA Rankings Novak Djokovic",1
"ATP, Elgnache Radio",1
"Jeremy Chardy, Prajnesh Gunneswaran",1
"BNP Paribas Open, WTA",1
"FFT ATP Laver Cup  Metz, MonicPuig",1
"MariSharapova, Shark Tank",1
"New York Times, Vasek Pospisil",1
"Julie Heldman, Kerry Melville Reid",1
"ATP, Roger Federer",1
"MariSharapova, Pips & Bounce",1
"Kerry Melville Reid, Valerie Ziegenfuss",1
"BiancAndreescu, Sportsnet",1
"Madison Keys, Sloane",1
"Cinderella, Garbine Muguruza",1
"2012.MonicPuig MonicPuig LNacion, BiancAndreescu",1
"ITF, Roland Garros Bernard Giudicelli",1
"PhiladelphiFreedoms, Sam Querrey",1
"Roland Garros ATP Rankings, USTA.Dominic Thiem",1
"Safwat, Tunisia",1
"Mandatory, Monte Carlo",1
"AP Rafael Nadal, Spaniard Marc Lopez AP",1
"Bob, Taylor Townsend",1
"Dominic Thiem Novak Djokovic, FIT Grand Slams ATP",1
"ConchitMartinez, Hall of Famer",1
"Dominic Thiem Novak Djokovic, Viktor Troicki",1
"Carillo, Tracy Austin",1
"Italian Tennis Federation, Puig Puig FFT",1
"Bob, Mike 100th",1
"Kim Clijsters AP Kim Clijsters Garbine Muguruza, Puig Puig",1
"Daniel Nestor, Mike",1
"Helen Wills, International Tennis Hall of Fame",1
"ChandRubin, Novak Djokovic",1
"Mary Carillo, Pete",1
"Rosie Casals, Valerie Ziegenfuss",1
"Tennis Australia, Twitter ATP Player Council",1
"Roland Garros, Wimbledon",1
"Michael Chang, MonicSeles",1
"Ashleigh Barty, Stadium Court",1
"KarolinPliskova, SerenWilliams",1
"Puig Puig, WTA Rankings Novak Djokovic",1
"Alexis Ohanian, Alexis OlympiOhanian  Jr.",1
"Beverly Hills Tennis Club, John McEnroe",1
"Beverly Hills Tennis Club, Novak Djokovic",1
"ATP, Wells",1
"Roland Garros ATP Rankings, Vasek Pospisil Roland Garros ATP UniteThePlayers",1
"2012.MonicPuig MonicPuig LNacion, Spaniard Marc Lopez AP",1
"Justine Henin, SerenWilliams",1
"Spaniard Marc Lopez AP, Viktor Troicki",1
"Cinderella, RenatZarazua",1
"FIT, KarolinPliskova",1
"Fish, Ryan Harrison",1
"Puig Puig, Spaniard Marc Lopez AP",1
"Kevin Anderson, Wimbledon",1
"Davis Cup, Paul Annacone",1
"AP Rafael Nadal, FFT",1
"BiancAndreescu, Taylor Fritz",1
"Diego Schwartzman ATP, WTA",1
"Arthur Ashe, Billie Jean King",1
"USTA, Vasek Pospisil Roland Garros ATP UniteThePlayers",1
"Agassi, Pete Sampras",1
"Kim Clijsters AP Kim Clijsters Garbine Muguruza, Novak Djokovic Novak Djokovic",1
"Fritz, Wang",1
"Alexander Zverev, Andrey Rublev",1
"Kim Clijsters Novak Djokovic, USTA USTA",1
"Michael Chang, Stefan Edberg",1
"Federer and Nadal, Grigor Dimitrov",1
"ATP Player Council, UN",1
"Matteo, Querrey",1
"Mats Wilander, Tracy Austin",1
"Billie Jean, Forbes",1
"Grand Slam, Taylor Townsend",1
"ITF, USTA.Dominic Thiem",1
"Diego Schwartzman ATP, Vasek Pospisil Roland Garros ATP UniteThePlayers",1
"Ivan Lendl, Mac-Lendl",1
"Goran Ivanisevic, Todd Martin",1
"Al Laney, Helen Wills",1
"Bob, Nestor",1
"Ashleigh Barty, USTA",1
"Van Uytvanck, Van Uytvanck fifth WTA",1
"John Isner, Wimbledon",1
"Bobby Jr., Richard",1
"2012.MonicPuig MonicPuig LNacion, Dominic Thiem",1
"Margaret Court, MariBueno",1
"Brady, Nao Hibino",1
"Mohamed Safwat, Tunisia",1
"Italian Tennis Federation, Roland Garros Bernard Giudicelli",1
"Diego Schwartzman ATP, MonicPuig",1
"Ivan Lendl, Patrick Rafter",1
"AP Rafael Nadal, ITF",1
"Bob, Sam Querrey",1
"Ash Barty, WTA",1
"FIT, USTA",1
"MonicPuig, Vasek Pospisil Roland Garros ATP UniteThePlayers",1
"Novak Djokovic Novak Djokovic, USTA.Dominic Thiem",1
"Dominic Thiem Novak Djokovic, WTA Rankings Novak Djokovic",1
"Puig, Viktor Troicki",1
"Dominic Thiem, ITF WELLS",1
"Ashleigh Barty, WTA Rankings Novak Djokovic",1
"Puig Puig, Twitter ATP Player Council",1
"Linz, Naomi Osaka",1
"Viktor Troicki, WTA Roland Garros USTA",1
